{
	"file_path": "C:\\Users\\2007p\\AppData\\Local\\Packages\\Microsoft.MinecraftUWP_8wekyb3d8bbwe\\LocalState\\games\\com.mojang\\development_behavior_packs\\jknjb\\items\\chorus_fruit.json",
	"file_type": "item",
	"format_version": 1,
	"file_uuid": "c2c1e5d7_a88c_4d58_8f5a_e3787151cbaa",
	"file_version": 4,
	"cache_content": {
		"children": [
			{
				"data": "1.16.100",
				"key": "format_version"
			},
			{
				"open": {
					"format_version": "1.16.100",
					"minecraft:item": {
						"description": {
							"identifier": "minecraft:chorus_fruit"
						},
						"components": {
							"minecraft:use_duration": 1.6,
							"minecraft:food": {
								"nutrition": 4,
								"saturation_modifier": "low",
								"can_always_eat": true,
								"on_consume": {
									"event": "consumed",
									"target": "self"
								}
							},
							"minecraft:cooldown": {
								"category": "chorusfruit",
								"duration": 0.67
							},
							"minecraft:creative_category": {}
						},
						"events": {
							"consumed": {
								"teleport": {
									"target": "holder",
									"max_range": [
										1,
										1,
										1
									]
								}
							}
						}
					}
				},
				"key": "minecraft:item",
				"children": [
					{
						"key": "description",
						"is_minified": true,
						"children": {
							"identifier": "minecraft:chorus_fruit"
						}
					},
					{
						"open": {
							"description": {
								"identifier": "minecraft:chorus_fruit"
							},
							"components": {
								"minecraft:use_duration": 1.6,
								"minecraft:food": {
									"nutrition": 4,
									"saturation_modifier": "low",
									"can_always_eat": true,
									"on_consume": {
										"event": "consumed",
										"target": "self"
									}
								},
								"minecraft:cooldown": {
									"category": "chorusfruit",
									"duration": 0.67
								},
								"minecraft:creative_category": {}
							},
							"events": {
								"consumed": {
									"teleport": {
										"target": "holder",
										"max_range": [
											1,
											1,
											1
										]
									}
								}
							}
						},
						"key": "components",
						"children": [
							{
								"data": "1.6",
								"key": "minecraft:use_duration"
							},
							{
								"open": {
									"minecraft:use_duration": 1.6,
									"minecraft:food": {
										"nutrition": 4,
										"saturation_modifier": "low",
										"can_always_eat": true,
										"on_consume": {
											"event": "consumed",
											"target": "self"
										}
									},
									"minecraft:cooldown": {
										"category": "chorusfruit",
										"duration": 0.67
									},
									"minecraft:creative_category": {}
								},
								"key": "minecraft:food",
								"children": [
									{
										"data": "4",
										"key": "nutrition"
									},
									{
										"data": "low",
										"key": "saturation_modifier"
									},
									{
										"open": {
											"nutrition": 4,
											"saturation_modifier": "low",
											"can_always_eat": true,
											"on_consume": {
												"event": "consumed",
												"target": "self"
											}
										},
										"data": "true",
										"key": "can_always_eat"
									},
									{
										"open": {
											"nutrition": 4,
											"saturation_modifier": "low",
											"can_always_eat": true,
											"on_consume": {
												"event": "consumed",
												"target": "self"
											}
										},
										"key": "on_consume",
										"is_minified": true,
										"children": {
											"event": "consumed",
											"target": "self"
										}
									}
								]
							},
							{
								"key": "minecraft:cooldown",
								"is_minified": true,
								"children": {
									"category": "chorusfruit",
									"duration": 0.67
								}
							},
							{
								"open": {
									"minecraft:use_duration": 1.6,
									"minecraft:food": {
										"nutrition": 4,
										"saturation_modifier": "low",
										"can_always_eat": true,
										"on_consume": {
											"event": "consumed",
											"target": "self"
										}
									},
									"minecraft:cooldown": {
										"category": "chorusfruit",
										"duration": 0.67
									},
									"minecraft:creative_category": {}
								},
								"key": "minecraft:creative_category",
								"is_minified": true,
								"children": {}
							}
						]
					},
					{
						"open": {
							"description": {
								"identifier": "minecraft:chorus_fruit"
							},
							"components": {
								"minecraft:use_duration": 1.6,
								"minecraft:food": {
									"nutrition": 4,
									"saturation_modifier": "low",
									"can_always_eat": true,
									"on_consume": {
										"event": "consumed",
										"target": "self"
									}
								},
								"minecraft:cooldown": {
									"category": "chorusfruit",
									"duration": 0.67
								},
								"minecraft:creative_category": {}
							},
							"events": {
								"consumed": {
									"teleport": {
										"target": "holder",
										"max_range": [
											1,
											1,
											1
										]
									}
								}
							}
						},
						"key": "events",
						"children": [
							{
								"open": {
									"consumed": {
										"teleport": {
											"target": "holder",
											"max_range": [
												1,
												1,
												1
											]
										}
									}
								},
								"key": "consumed",
								"children": [
									{
										"open": {
											"teleport": {
												"target": "holder",
												"max_range": [
													1,
													1,
													1
												]
											}
										},
										"key": "teleport",
										"children": [
											{
												"data": "holder",
												"key": "target"
											},
											{
												"open": {
													"target": "holder",
													"max_range": [
														1,
														1,
														1
													]
												},
												"key": "max_range",
												"is_minified": true,
												"children": [
													1,
													1,
													1
												]
											}
										]
									}
								]
							}
						]
					}
				]
			}
		]
	}
}