{
	"format_version": "1.12.0",
	"minecraft:entity": {
		"description": {
			"identifier": "minecraft:ender_pearl",
			"is_spawnable": false,
			"is_summonable": false,
			"is_experimental": false,
			"scripts": {
				"animate": [
					"bridge_execute_commands"
				]
			},
			"animations": {
				"bridge_execute_commands": "controller.animation.bridge_enderperle.execute_commands"
			}
		},
		"component_groups": {
			"minecraft:no_spawn": {
				"on_hit": {
					"definition_event": {
						"event_trigger": [
							{
								"target": "player",
								"event": "enderperle"
							}
						]
					},
					"remove_on_hit": {}
				},
				"minecraft:projectile": {
					"power": 1.5,
					"gravity": 0.025,
					"angle_offset": 0,
					"inertia": 1,
					"liquid_inertia": 1
				}
			},
			"bridge:execute_command_id_1": {
				"minecraft:skin_id": {
					"value": 1
				}
			},
			"bridge:execute_no_command": {
				"minecraft:skin_id": {
					"value": 0
				}
			}
		},
		"components": {
			"minecraft:collision_box": {
				"width": 0.25,
				"height": 0.25
			},
			"minecraft:projectile": {
				"on_hit": {
					"teleport_owner": {},
					"spawn_chance": {
						"first_spawn_percent_chance": 5,
						"first_spawn_count": 1,
						"spawn_definition": "minecraft:endermite"
					},
					"remove_on_hit": {}
				},
				"power": 1.5,
				"gravity": 0.025,
				"angle_offset": 0,
				"inertia": 1,
				"liquid_inertia": 1
			},
			"minecraft:physics": {},
			"minecraft:pushable": {
				"is_pushable": true,
				"is_pushable_by_piston": true
			},
			"minecraft:conditional_bandwidth_optimization": {
				"default_values": {
					"max_optimized_distance": 80,
					"max_dropped_ticks": 10,
					"use_motion_prediction_hints": true
				}
			}
		},
		"events": {
			"minecraft:entity_spawned": {
				"sequence": [
					{
						"filters": {
							"test": "is_game_rule",
							"domain": "domobspawning",
							"value": false
						},
						"add": {
							"component_groups": [
								"minecraft:no_spawn"
							]
						}
					}
				]
			},
			"enderperle": {
				"add": {
					"component_groups": [
						"bridge:execute_command_id_1"
					]
				}
			},
			"bridge:remove_command_id_1": {
				"add": {
					"component_groups": [
						"bridge:execute_no_command"
					]
				},
				"remove": {
					"component_groups": [
						"bridge:execute_command_id_1"
					]
				}
			}
		}
	}
}