{
	"format_version": "1.16.0",
	"minecraft:entity": {
		"description": {
			"identifier": "minecraft:warden",
			"is_spawnable": true,
			"is_summonable": true,
			"is_experimental": false
		},
		"component_groups": {
			"emerging": {
				"minecraft:behavior.emerge": {
					"duration": 7,
					"on_done": {
						"event": "minecraft:emerged",
						"target": "self"
					}
				}
			},
			"despawn": {
				"minecraft:instant_despawn": {}
			}
		},
		"components": {
			"minecraft:movement_sound_distance_offset": {
				"value": 0.55
			},
			"minecraft:experience_reward": {
				"on_bred": "math.random(1,7)",
				"on_death": "query.last_hit_by_player?math.random(1,3):0"
			},
			"minecraft:attack": {
				"damage": 30
			},
			"minecraft:vibration_listener": {},
			"minecraft:suspect_tracking": {},
			"minecraft:anger_level": {
				"max_anger": 150,
				"angry_threshold": 80,
				"remove_targets_below_angry_threshold": true,
				"angry_boost": 20,
				"anger_decrement_interval": 1,
				"default_annoyingness": 35,
				"default_projectile_annoyingness": 20,
				"on_increase_sounds": [
					{
						"sound": "angry",
						"condition": "query.anger_level(this)>=80"
					},
					{
						"sound": "agitated",
						"condition": "query.anger_level(this)>=40"
					},
					{
						"sound": "listening",
						"condition": "query.anger_level(this)>=0"
					}
				]
			},
			"minecraft:is_hidden_when_invisible": {},
			"minecraft:type_family": {
				"family": [
					"warden",
					"monster",
					"mob"
				]
			},
			"minecraft:breathable": {
				"total_supply": 15,
				"suffocate_time": 0
			},
			"minecraft:navigation.walk": {
				"can_path_over_water": true,
				"avoid_water": true,
				"avoid_damage_blocks": true
			},
			"minecraft:ambient_sound_interval": {
				"value": 2,
				"range": 4,
				"event_name": "ambient",
				"event_names": [
					{
						"event_name": "angry",
						"condition": "query.anger_level(this)>=80"
					},
					{
						"event_name": "agitated",
						"condition": "query.anger_level(this)>=40"
					}
				]
			},
			"minecraft:heartbeat": {
				"interval": "2-math.clamp(query.anger_level/80*1.5,0,1.5)"
			},
			"minecraft:movement.basic": {},
			"minecraft:jump.static": {},
			"minecraft:can_climb": {},
			"minecraft:collision_box": {
				"width": 0.9,
				"height": 2.9
			},
			"minecraft:health": {
				"value": 500,
				"max": 500
			},
			"minecraft:movement": {
				"value": 0.3
			},
			"minecraft:knockback_resistance": {
				"value": 1
			},
			"minecraft:behavior.float": {
				"priority": 0
			},
			"minecraft:behavior.dig": {
				"priority": 1,
				"duration": 5.5,
				"idle_time": 60,
				"vibration_is_disturbance": true,
				"suspicion_is_disturbance": true,
				"digs_in_daylight": true
			},
			"minecraft:behavior.roar": {
				"priority": 2,
				"duration": 4.2
			},
			"minecraft:behavior.melee_attack": {
				"priority": 3,
				"speed_multiplier": 1.2,
				"melee_fov": 360
			},
			"minecraft:behavior.investigate_suspicious_location": {
				"priority": 4,
				"speed_multiplier": 0.7
			},
			"minecraft:behavior.sniff": {
				"priority": 5,
				"duration": 4.16,
				"sniffing_radius": 30,
				"suspicion_radius": 6,
				"cooldown_range": [
					5,
					10
				]
			},
			"minecraft:behavior.random_stroll": {
				"priority": 9,
				"speed_multiplier": 0.5
			},
			"minecraft:behavior.random_look_around": {
				"priority": 11
			},
			"minecraft:physics": {},
			"minecraft:mob_effect": {
				"effect_range": 20,
				"effect_time": 13,
				"mob_effect": "darkness",
				"entity_filter": {
					"test": "is_family",
					"subject": "other",
					"value": "player"
				}
			},
			"minecraft:follow_range": 30,
			"minecraft:fire_immune": {},
			"minecraft:nameable": {},
			"minecraft:loot": {
				"table": "loot_tables/entities/warden.json"
			}
		},
		"events": {
			"minecraft:spawn_emerging": {
				"add": {
					"component_groups": [
						"emerging"
					]
				}
			},
			"minecraft:emerged": {
				"remove": {
					"component_groups": [
						"emerging"
					]
				}
			},
			"minecraft:entity_spawned": {},
			"despawn_all_mobs": {
				"add": {
					"component_groups": [
						"despawn"
					]
				}
			},
			"despawn_warden": {
				"add": {
					"component_groups": [
						"despawn"
					]
				}
			}
		}
	}
}