{
	"file_path": "C:\\Users\\2007p\\AppData\\Local\\Packages\\Microsoft.MinecraftUWP_8wekyb3d8bbwe\\LocalState\\games\\com.mojang\\development_behavior_packs\\jknjb\\entities\\command_block_lore.json",
	"file_type": "entity",
	"format_version": 1,
	"file_uuid": "68a98de2_d218_443c_a2f6_5daf1bb61213",
	"file_version": 1,
	"cache_content": {
		"children": [
			{
				"data": "1.12.0",
				"key": "format_version"
			},
			{
				"open": {
					"format_version": "1.12.0",
					"minecraft:entity": {
						"description": {
							"identifier": "minecraft:command_block_minecart",
							"is_spawnable": false,
							"is_summonable": true,
							"is_experimental": false
						},
						"component_groups": {
							"minecraft:command_block_active": {
								"minecraft:rail_sensor": {
									"check_block_types": true,
									"eject_on_activate": false,
									"eject_on_deactivate": false,
									"tick_command_block_on_activate": true,
									"tick_command_block_on_deactivate": false,
									"on_deactivate": {
										"event": "minecraft:command_block_deactivate"
									}
								}
							},
							"minecraft:command_block_inactive": {
								"minecraft:rail_sensor": {
									"check_block_types": false,
									"eject_on_activate": false,
									"eject_on_deactivate": false,
									"tick_command_block_on_activate": true,
									"tick_command_block_on_deactivate": false,
									"on_activate": {
										"event": "minecraft:command_block_activate"
									}
								}
							},
							"despawn": {
								"minecraft:instant_despawn": {}
							}
						},
						"components": {
							"minecraft:type_family": {
								"family": [
									"minecart",
									"inanimate"
								]
							},
							"minecraft:collision_box": {
								"width": 0.98,
								"height": 0.7
							},
							"minecraft:rail_movement": {},
							"minecraft:inventory": {},
							"minecraft:physics": {},
							"minecraft:pushable": {
								"is_pushable": true,
								"is_pushable_by_piston": true
							},
							"minecraft:conditional_bandwidth_optimization": {
								"default_values": {
									"max_optimized_distance": 60,
									"max_dropped_ticks": 20,
									"use_motion_prediction_hints": true
								},
								"conditional_values": [
									{
										"max_optimized_distance": 0,
										"max_dropped_ticks": 0,
										"conditional_values": [
											{
												"test": "is_moving",
												"subject": "self",
												"operator": "==",
												"value": true
											}
										]
									}
								]
							}
						},
						"events": {
							"minecraft:entity_spawned": {
								"add": {
									"component_groups": [
										"despawn",
										"minecraft:command_block_inactive"
									]
								}
							},
							"minecraft:command_block_activate": {
								"remove": {
									"component_groups": [
										"minecraft:command_block_inactive"
									]
								},
								"add": {
									"component_groups": [
										"minecraft:command_block_active"
									]
								}
							},
							"minecraft:command_block_deactivate": {
								"remove": {
									"component_groups": [
										"minecraft:command_block_active"
									]
								},
								"add": {
									"component_groups": [
										"minecraft:command_block_inactive"
									]
								}
							}
						}
					}
				},
				"key": "minecraft:entity",
				"children": [
					{
						"key": "description",
						"is_minified": true,
						"children": {
							"identifier": "minecraft:command_block_minecart",
							"is_spawnable": false,
							"is_summonable": true,
							"is_experimental": false
						}
					},
					{
						"open": {
							"description": {
								"identifier": "minecraft:command_block_minecart",
								"is_spawnable": false,
								"is_summonable": true,
								"is_experimental": false
							},
							"component_groups": {
								"minecraft:command_block_active": {
									"minecraft:rail_sensor": {
										"check_block_types": true,
										"eject_on_activate": false,
										"eject_on_deactivate": false,
										"tick_command_block_on_activate": true,
										"tick_command_block_on_deactivate": false,
										"on_deactivate": {
											"event": "minecraft:command_block_deactivate"
										}
									}
								},
								"minecraft:command_block_inactive": {
									"minecraft:rail_sensor": {
										"check_block_types": false,
										"eject_on_activate": false,
										"eject_on_deactivate": false,
										"tick_command_block_on_activate": true,
										"tick_command_block_on_deactivate": false,
										"on_activate": {
											"event": "minecraft:command_block_activate"
										}
									}
								},
								"despawn": {
									"minecraft:instant_despawn": {}
								}
							},
							"components": {
								"minecraft:type_family": {
									"family": [
										"minecart",
										"inanimate"
									]
								},
								"minecraft:collision_box": {
									"width": 0.98,
									"height": 0.7
								},
								"minecraft:rail_movement": {},
								"minecraft:inventory": {},
								"minecraft:physics": {},
								"minecraft:pushable": {
									"is_pushable": true,
									"is_pushable_by_piston": true
								},
								"minecraft:conditional_bandwidth_optimization": {
									"default_values": {
										"max_optimized_distance": 60,
										"max_dropped_ticks": 20,
										"use_motion_prediction_hints": true
									},
									"conditional_values": [
										{
											"max_optimized_distance": 0,
											"max_dropped_ticks": 0,
											"conditional_values": [
												{
													"test": "is_moving",
													"subject": "self",
													"operator": "==",
													"value": true
												}
											]
										}
									]
								}
							},
							"events": {
								"minecraft:entity_spawned": {
									"add": {
										"component_groups": [
											"despawn",
											"minecraft:command_block_inactive"
										]
									}
								},
								"minecraft:command_block_activate": {
									"remove": {
										"component_groups": [
											"minecraft:command_block_inactive"
										]
									},
									"add": {
										"component_groups": [
											"minecraft:command_block_active"
										]
									}
								},
								"minecraft:command_block_deactivate": {
									"remove": {
										"component_groups": [
											"minecraft:command_block_active"
										]
									},
									"add": {
										"component_groups": [
											"minecraft:command_block_inactive"
										]
									}
								}
							}
						},
						"key": "component_groups",
						"children": [
							{
								"key": "minecraft:command_block_active",
								"is_minified": true,
								"children": {
									"minecraft:rail_sensor": {
										"check_block_types": true,
										"eject_on_activate": false,
										"eject_on_deactivate": false,
										"tick_command_block_on_activate": true,
										"tick_command_block_on_deactivate": false,
										"on_deactivate": {
											"event": "minecraft:command_block_deactivate"
										}
									}
								}
							},
							{
								"key": "minecraft:command_block_inactive",
								"is_minified": true,
								"children": {
									"minecraft:rail_sensor": {
										"check_block_types": false,
										"eject_on_activate": false,
										"eject_on_deactivate": false,
										"tick_command_block_on_activate": true,
										"tick_command_block_on_deactivate": false,
										"on_activate": {
											"event": "minecraft:command_block_activate"
										}
									}
								}
							},
							{
								"open": {
									"minecraft:command_block_active": {
										"minecraft:rail_sensor": {
											"check_block_types": true,
											"eject_on_activate": false,
											"eject_on_deactivate": false,
											"tick_command_block_on_activate": true,
											"tick_command_block_on_deactivate": false,
											"on_deactivate": {
												"event": "minecraft:command_block_deactivate"
											}
										}
									},
									"minecraft:command_block_inactive": {
										"minecraft:rail_sensor": {
											"check_block_types": false,
											"eject_on_activate": false,
											"eject_on_deactivate": false,
											"tick_command_block_on_activate": true,
											"tick_command_block_on_deactivate": false,
											"on_activate": {
												"event": "minecraft:command_block_activate"
											}
										}
									},
									"despawn": {
										"minecraft:instant_despawn": {}
									}
								},
								"key": "despawn",
								"is_minified": true,
								"children": {
									"minecraft:instant_despawn": {}
								}
							}
						]
					},
					{
						"open": {
							"description": {
								"identifier": "minecraft:command_block_minecart",
								"is_spawnable": false,
								"is_summonable": true,
								"is_experimental": false
							},
							"component_groups": {
								"minecraft:command_block_active": {
									"minecraft:rail_sensor": {
										"check_block_types": true,
										"eject_on_activate": false,
										"eject_on_deactivate": false,
										"tick_command_block_on_activate": true,
										"tick_command_block_on_deactivate": false,
										"on_deactivate": {
											"event": "minecraft:command_block_deactivate"
										}
									}
								},
								"minecraft:command_block_inactive": {
									"minecraft:rail_sensor": {
										"check_block_types": false,
										"eject_on_activate": false,
										"eject_on_deactivate": false,
										"tick_command_block_on_activate": true,
										"tick_command_block_on_deactivate": false,
										"on_activate": {
											"event": "minecraft:command_block_activate"
										}
									}
								},
								"despawn": {
									"minecraft:instant_despawn": {}
								}
							},
							"components": {
								"minecraft:type_family": {
									"family": [
										"minecart",
										"inanimate"
									]
								},
								"minecraft:collision_box": {
									"width": 0.98,
									"height": 0.7
								},
								"minecraft:rail_movement": {},
								"minecraft:inventory": {},
								"minecraft:physics": {},
								"minecraft:pushable": {
									"is_pushable": true,
									"is_pushable_by_piston": true
								},
								"minecraft:conditional_bandwidth_optimization": {
									"default_values": {
										"max_optimized_distance": 60,
										"max_dropped_ticks": 20,
										"use_motion_prediction_hints": true
									},
									"conditional_values": [
										{
											"max_optimized_distance": 0,
											"max_dropped_ticks": 0,
											"conditional_values": [
												{
													"test": "is_moving",
													"subject": "self",
													"operator": "==",
													"value": true
												}
											]
										}
									]
								}
							},
							"events": {
								"minecraft:entity_spawned": {
									"add": {
										"component_groups": [
											"despawn",
											"minecraft:command_block_inactive"
										]
									}
								},
								"minecraft:command_block_activate": {
									"remove": {
										"component_groups": [
											"minecraft:command_block_inactive"
										]
									},
									"add": {
										"component_groups": [
											"minecraft:command_block_active"
										]
									}
								},
								"minecraft:command_block_deactivate": {
									"remove": {
										"component_groups": [
											"minecraft:command_block_active"
										]
									},
									"add": {
										"component_groups": [
											"minecraft:command_block_inactive"
										]
									}
								}
							}
						},
						"key": "components",
						"is_minified": true,
						"children": {
							"minecraft:type_family": {
								"family": [
									"minecart",
									"inanimate"
								]
							},
							"minecraft:collision_box": {
								"width": 0.98,
								"height": 0.7
							},
							"minecraft:rail_movement": {},
							"minecraft:inventory": {},
							"minecraft:physics": {},
							"minecraft:pushable": {
								"is_pushable": true,
								"is_pushable_by_piston": true
							},
							"minecraft:conditional_bandwidth_optimization": {
								"default_values": {
									"max_optimized_distance": 60,
									"max_dropped_ticks": 20,
									"use_motion_prediction_hints": true
								},
								"conditional_values": [
									{
										"max_optimized_distance": 0,
										"max_dropped_ticks": 0,
										"conditional_values": [
											{
												"test": "is_moving",
												"subject": "self",
												"operator": "==",
												"value": true
											}
										]
									}
								]
							}
						}
					},
					{
						"open": {
							"description": {
								"identifier": "minecraft:command_block_minecart",
								"is_spawnable": false,
								"is_summonable": true,
								"is_experimental": false
							},
							"component_groups": {
								"minecraft:command_block_active": {
									"minecraft:rail_sensor": {
										"check_block_types": true,
										"eject_on_activate": false,
										"eject_on_deactivate": false,
										"tick_command_block_on_activate": true,
										"tick_command_block_on_deactivate": false,
										"on_deactivate": {
											"event": "minecraft:command_block_deactivate"
										}
									}
								},
								"minecraft:command_block_inactive": {
									"minecraft:rail_sensor": {
										"check_block_types": false,
										"eject_on_activate": false,
										"eject_on_deactivate": false,
										"tick_command_block_on_activate": true,
										"tick_command_block_on_deactivate": false,
										"on_activate": {
											"event": "minecraft:command_block_activate"
										}
									}
								},
								"despawn": {
									"minecraft:instant_despawn": {}
								}
							},
							"components": {
								"minecraft:type_family": {
									"family": [
										"minecart",
										"inanimate"
									]
								},
								"minecraft:collision_box": {
									"width": 0.98,
									"height": 0.7
								},
								"minecraft:rail_movement": {},
								"minecraft:inventory": {},
								"minecraft:physics": {},
								"minecraft:pushable": {
									"is_pushable": true,
									"is_pushable_by_piston": true
								},
								"minecraft:conditional_bandwidth_optimization": {
									"default_values": {
										"max_optimized_distance": 60,
										"max_dropped_ticks": 20,
										"use_motion_prediction_hints": true
									},
									"conditional_values": [
										{
											"max_optimized_distance": 0,
											"max_dropped_ticks": 0,
											"conditional_values": [
												{
													"test": "is_moving",
													"subject": "self",
													"operator": "==",
													"value": true
												}
											]
										}
									]
								}
							},
							"events": {
								"minecraft:entity_spawned": {
									"add": {
										"component_groups": [
											"despawn",
											"minecraft:command_block_inactive"
										]
									}
								},
								"minecraft:command_block_activate": {
									"remove": {
										"component_groups": [
											"minecraft:command_block_inactive"
										]
									},
									"add": {
										"component_groups": [
											"minecraft:command_block_active"
										]
									}
								},
								"minecraft:command_block_deactivate": {
									"remove": {
										"component_groups": [
											"minecraft:command_block_active"
										]
									},
									"add": {
										"component_groups": [
											"minecraft:command_block_inactive"
										]
									}
								}
							}
						},
						"key": "events",
						"children": [
							{
								"open": {
									"minecraft:entity_spawned": {
										"add": {
											"component_groups": [
												"despawn",
												"minecraft:command_block_inactive"
											]
										}
									},
									"minecraft:command_block_activate": {
										"remove": {
											"component_groups": [
												"minecraft:command_block_inactive"
											]
										},
										"add": {
											"component_groups": [
												"minecraft:command_block_active"
											]
										}
									},
									"minecraft:command_block_deactivate": {
										"remove": {
											"component_groups": [
												"minecraft:command_block_active"
											]
										},
										"add": {
											"component_groups": [
												"minecraft:command_block_inactive"
											]
										}
									}
								},
								"key": "minecraft:entity_spawned",
								"children": [
									{
										"open": {
											"add": {
												"component_groups": [
													"despawn",
													"minecraft:command_block_inactive"
												]
											}
										},
										"key": "add",
										"children": [
											{
												"open": {
													"component_groups": [
														"despawn",
														"minecraft:command_block_inactive"
													]
												},
												"key": "component_groups",
												"is_minified": true,
												"children": [
													"despawn",
													"minecraft:command_block_inactive"
												]
											}
										]
									}
								]
							},
							{
								"key": "minecraft:command_block_activate",
								"is_minified": true,
								"children": {
									"remove": {
										"component_groups": [
											"minecraft:command_block_inactive"
										]
									},
									"add": {
										"component_groups": [
											"minecraft:command_block_active"
										]
									}
								}
							},
							{
								"key": "minecraft:command_block_deactivate",
								"is_minified": true,
								"children": {
									"remove": {
										"component_groups": [
											"minecraft:command_block_active"
										]
									},
									"add": {
										"component_groups": [
											"minecraft:command_block_inactive"
										]
									}
								}
							}
						]
					}
				]
			}
		]
	}
}