{
	"file_path": "C:\\Users\\2007p\\AppData\\Local\\Packages\\Microsoft.MinecraftUWP_8wekyb3d8bbwe\\LocalState\\games\\com.mojang\\development_behavior_packs\\jknjb\\entities\\ender_dragon.json",
	"file_type": "entity",
	"format_version": 1,
	"file_uuid": "a9bd8d1a_46f9_48c4_b943_7120d96bebe8",
	"file_version": 1,
	"cache_content": {
		"children": [
			{
				"data": "1.13.0",
				"key": "format_version"
			},
			{
				"open": {
					"format_version": "1.13.0",
					"minecraft:entity": {
						"description": {
							"identifier": "minecraft:ender_dragon",
							"is_spawnable": false,
							"is_summonable": true,
							"is_experimental": false
						},
						"component_groups": {
							"dragon_sitting": {
								"minecraft:behavior.dragonlanding": {
									"priority": 0
								},
								"minecraft:behavior.dragonflaming": {
									"priority": 1
								},
								"minecraft:behavior.dragonscanning": {
									"priority": 2
								}
							},
							"dragon_flying": {
								"minecraft:behavior.dragontakeoff": {
									"priority": 0
								},
								"minecraft:behavior.dragonchargeplayer": {
									"priority": 1
								},
								"minecraft:behavior.dragonstrafeplayer": {
									"priority": 2
								},
								"minecraft:behavior.dragonholdingpattern": {
									"priority": 3
								},
								"minecraft:shooter": {
									"type": "dragonfireball",
									"def": "minecraft:dragon_fireball"
								}
							},
							"dragon_death": {
								"minecraft:behavior.dragondeath": {
									"priority": 0
								}
							},
							"despawn": {
								"minecraft:instant_despawn": {}
							}
						},
						"components": {
							"minecraft:is_hidden_when_invisible": {},
							"minecraft:type_family": {
								"family": [
									"dragon",
									"mob"
								]
							},
							"minecraft:health": {
								"value": 200,
								"max": 200
							},
							"minecraft:boss": {
								"should_darken_sky": false,
								"hud_range": 125
							},
							"minecraft:collision_box": {
								"width": 13,
								"height": 4
							},
							"minecraft:movement": {
								"value": 0.3
							},
							"minecraft:fire_immune": true,
							"minecraft:knockback_resistance": {
								"value": 100,
								"max": 100
							},
							"minecraft:flying_speed": {
								"value": 0.6
							},
							"minecraft:attack": {
								"damage": 3
							},
							"minecraft:damage_sensor": {
								"triggers": {
									"cause": "fall",
									"deals_damage": false
								}
							},
							"minecraft:on_start_landing": {
								"event": "minecraft:start_land",
								"target": "self"
							},
							"minecraft:on_start_takeoff": {
								"event": "minecraft:start_fly",
								"target": "self"
							},
							"minecraft:on_death": {
								"event": "minecraft:start_death",
								"target": "self"
							},
							"minecraft:persistent": {},
							"minecraft:physics": {
								"has_gravity": false,
								"has_collision": false
							}
						},
						"events": {
							"minecraft:entity_spawned": {
								"remove": {},
								"add": {
									"component_groups": [
										"dragon_flying"
									]
								}
							},
							"minecraft:start_land": {
								"remove": {
									"component_groups": [
										"dragon_flying"
									]
								},
								"add": {
									"component_groups": [
										"dragon_sitting"
									]
								}
							},
							"minecraft:start_fly": {
								"remove": {
									"component_groups": [
										"dragon_sitting"
									]
								},
								"add": {
									"component_groups": [
										"dragon_flying"
									]
								}
							},
							"minecraft:start_death": {
								"remove": {
									"component_groups": [
										"dragon_sitting",
										"dragon_flying"
									]
								},
								"add": {
									"component_groups": [
										"dragon_death"
									]
								}
							},
							"despawn_ender_dragon": {
								"add": {
									"component_groups": [
										"despawn"
									]
								}
							},
							"despawn_all_mobs": {
								"add": {
									"component_groups": [
										"despawn"
									]
								}
							}
						}
					}
				},
				"key": "minecraft:entity",
				"children": [
					{
						"key": "description",
						"is_minified": true,
						"children": {
							"identifier": "minecraft:ender_dragon",
							"is_spawnable": false,
							"is_summonable": true,
							"is_experimental": false
						}
					},
					{
						"open": {
							"description": {
								"identifier": "minecraft:ender_dragon",
								"is_spawnable": false,
								"is_summonable": true,
								"is_experimental": false
							},
							"component_groups": {
								"dragon_sitting": {
									"minecraft:behavior.dragonlanding": {
										"priority": 0
									},
									"minecraft:behavior.dragonflaming": {
										"priority": 1
									},
									"minecraft:behavior.dragonscanning": {
										"priority": 2
									}
								},
								"dragon_flying": {
									"minecraft:behavior.dragontakeoff": {
										"priority": 0
									},
									"minecraft:behavior.dragonchargeplayer": {
										"priority": 1
									},
									"minecraft:behavior.dragonstrafeplayer": {
										"priority": 2
									},
									"minecraft:behavior.dragonholdingpattern": {
										"priority": 3
									},
									"minecraft:shooter": {
										"type": "dragonfireball",
										"def": "minecraft:dragon_fireball"
									}
								},
								"dragon_death": {
									"minecraft:behavior.dragondeath": {
										"priority": 0
									}
								},
								"despawn": {
									"minecraft:instant_despawn": {}
								}
							},
							"components": {
								"minecraft:is_hidden_when_invisible": {},
								"minecraft:type_family": {
									"family": [
										"dragon",
										"mob"
									]
								},
								"minecraft:health": {
									"value": 200,
									"max": 200
								},
								"minecraft:boss": {
									"should_darken_sky": false,
									"hud_range": 125
								},
								"minecraft:collision_box": {
									"width": 13,
									"height": 4
								},
								"minecraft:movement": {
									"value": 0.3
								},
								"minecraft:fire_immune": true,
								"minecraft:knockback_resistance": {
									"value": 100,
									"max": 100
								},
								"minecraft:flying_speed": {
									"value": 0.6
								},
								"minecraft:attack": {
									"damage": 3
								},
								"minecraft:damage_sensor": {
									"triggers": {
										"cause": "fall",
										"deals_damage": false
									}
								},
								"minecraft:on_start_landing": {
									"event": "minecraft:start_land",
									"target": "self"
								},
								"minecraft:on_start_takeoff": {
									"event": "minecraft:start_fly",
									"target": "self"
								},
								"minecraft:on_death": {
									"event": "minecraft:start_death",
									"target": "self"
								},
								"minecraft:persistent": {},
								"minecraft:physics": {
									"has_gravity": false,
									"has_collision": false
								}
							},
							"events": {
								"minecraft:entity_spawned": {
									"remove": {},
									"add": {
										"component_groups": [
											"dragon_flying"
										]
									}
								},
								"minecraft:start_land": {
									"remove": {
										"component_groups": [
											"dragon_flying"
										]
									},
									"add": {
										"component_groups": [
											"dragon_sitting"
										]
									}
								},
								"minecraft:start_fly": {
									"remove": {
										"component_groups": [
											"dragon_sitting"
										]
									},
									"add": {
										"component_groups": [
											"dragon_flying"
										]
									}
								},
								"minecraft:start_death": {
									"remove": {
										"component_groups": [
											"dragon_sitting",
											"dragon_flying"
										]
									},
									"add": {
										"component_groups": [
											"dragon_death"
										]
									}
								},
								"despawn_ender_dragon": {
									"add": {
										"component_groups": [
											"despawn"
										]
									}
								},
								"despawn_all_mobs": {
									"add": {
										"component_groups": [
											"despawn"
										]
									}
								}
							}
						},
						"key": "component_groups",
						"children": [
							{
								"key": "dragon_sitting",
								"is_minified": true,
								"children": {
									"minecraft:behavior.dragonlanding": {
										"priority": 0
									},
									"minecraft:behavior.dragonflaming": {
										"priority": 1
									},
									"minecraft:behavior.dragonscanning": {
										"priority": 2
									}
								}
							},
							{
								"key": "dragon_flying",
								"is_minified": true,
								"children": {
									"minecraft:behavior.dragontakeoff": {
										"priority": 0
									},
									"minecraft:behavior.dragonchargeplayer": {
										"priority": 1
									},
									"minecraft:behavior.dragonstrafeplayer": {
										"priority": 2
									},
									"minecraft:behavior.dragonholdingpattern": {
										"priority": 3
									},
									"minecraft:shooter": {
										"type": "dragonfireball",
										"def": "minecraft:dragon_fireball"
									}
								}
							},
							{
								"key": "dragon_death",
								"is_minified": true,
								"children": {
									"minecraft:behavior.dragondeath": {
										"priority": 0
									}
								}
							},
							{
								"open": {
									"dragon_sitting": {
										"minecraft:behavior.dragonlanding": {
											"priority": 0
										},
										"minecraft:behavior.dragonflaming": {
											"priority": 1
										},
										"minecraft:behavior.dragonscanning": {
											"priority": 2
										}
									},
									"dragon_flying": {
										"minecraft:behavior.dragontakeoff": {
											"priority": 0
										},
										"minecraft:behavior.dragonchargeplayer": {
											"priority": 1
										},
										"minecraft:behavior.dragonstrafeplayer": {
											"priority": 2
										},
										"minecraft:behavior.dragonholdingpattern": {
											"priority": 3
										},
										"minecraft:shooter": {
											"type": "dragonfireball",
											"def": "minecraft:dragon_fireball"
										}
									},
									"dragon_death": {
										"minecraft:behavior.dragondeath": {
											"priority": 0
										}
									},
									"despawn": {
										"minecraft:instant_despawn": {}
									}
								},
								"key": "despawn",
								"is_minified": true,
								"children": {
									"minecraft:instant_despawn": {}
								}
							}
						]
					},
					{
						"key": "components",
						"is_minified": true,
						"children": {
							"minecraft:is_hidden_when_invisible": {},
							"minecraft:type_family": {
								"family": [
									"dragon",
									"mob"
								]
							},
							"minecraft:health": {
								"value": 200,
								"max": 200
							},
							"minecraft:boss": {
								"should_darken_sky": false,
								"hud_range": 125
							},
							"minecraft:collision_box": {
								"width": 13,
								"height": 4
							},
							"minecraft:movement": {
								"value": 0.3
							},
							"minecraft:fire_immune": true,
							"minecraft:knockback_resistance": {
								"value": 100,
								"max": 100
							},
							"minecraft:flying_speed": {
								"value": 0.6
							},
							"minecraft:attack": {
								"damage": 3
							},
							"minecraft:damage_sensor": {
								"triggers": {
									"cause": "fall",
									"deals_damage": false
								}
							},
							"minecraft:on_start_landing": {
								"event": "minecraft:start_land",
								"target": "self"
							},
							"minecraft:on_start_takeoff": {
								"event": "minecraft:start_fly",
								"target": "self"
							},
							"minecraft:on_death": {
								"event": "minecraft:start_death",
								"target": "self"
							},
							"minecraft:persistent": {},
							"minecraft:physics": {
								"has_gravity": false,
								"has_collision": false
							}
						}
					},
					{
						"open": {
							"description": {
								"identifier": "minecraft:ender_dragon",
								"is_spawnable": false,
								"is_summonable": true,
								"is_experimental": false
							},
							"component_groups": {
								"dragon_sitting": {
									"minecraft:behavior.dragonlanding": {
										"priority": 0
									},
									"minecraft:behavior.dragonflaming": {
										"priority": 1
									},
									"minecraft:behavior.dragonscanning": {
										"priority": 2
									}
								},
								"dragon_flying": {
									"minecraft:behavior.dragontakeoff": {
										"priority": 0
									},
									"minecraft:behavior.dragonchargeplayer": {
										"priority": 1
									},
									"minecraft:behavior.dragonstrafeplayer": {
										"priority": 2
									},
									"minecraft:behavior.dragonholdingpattern": {
										"priority": 3
									},
									"minecraft:shooter": {
										"type": "dragonfireball",
										"def": "minecraft:dragon_fireball"
									}
								},
								"dragon_death": {
									"minecraft:behavior.dragondeath": {
										"priority": 0
									}
								},
								"despawn": {
									"minecraft:instant_despawn": {}
								}
							},
							"components": {
								"minecraft:is_hidden_when_invisible": {},
								"minecraft:type_family": {
									"family": [
										"dragon",
										"mob"
									]
								},
								"minecraft:health": {
									"value": 200,
									"max": 200
								},
								"minecraft:boss": {
									"should_darken_sky": false,
									"hud_range": 125
								},
								"minecraft:collision_box": {
									"width": 13,
									"height": 4
								},
								"minecraft:movement": {
									"value": 0.3
								},
								"minecraft:fire_immune": true,
								"minecraft:knockback_resistance": {
									"value": 100,
									"max": 100
								},
								"minecraft:flying_speed": {
									"value": 0.6
								},
								"minecraft:attack": {
									"damage": 3
								},
								"minecraft:damage_sensor": {
									"triggers": {
										"cause": "fall",
										"deals_damage": false
									}
								},
								"minecraft:on_start_landing": {
									"event": "minecraft:start_land",
									"target": "self"
								},
								"minecraft:on_start_takeoff": {
									"event": "minecraft:start_fly",
									"target": "self"
								},
								"minecraft:on_death": {
									"event": "minecraft:start_death",
									"target": "self"
								},
								"minecraft:persistent": {},
								"minecraft:physics": {
									"has_gravity": false,
									"has_collision": false
								}
							},
							"events": {
								"minecraft:entity_spawned": {
									"remove": {},
									"add": {
										"component_groups": [
											"dragon_flying"
										]
									}
								},
								"minecraft:start_land": {
									"remove": {
										"component_groups": [
											"dragon_flying"
										]
									},
									"add": {
										"component_groups": [
											"dragon_sitting"
										]
									}
								},
								"minecraft:start_fly": {
									"remove": {
										"component_groups": [
											"dragon_sitting"
										]
									},
									"add": {
										"component_groups": [
											"dragon_flying"
										]
									}
								},
								"minecraft:start_death": {
									"remove": {
										"component_groups": [
											"dragon_sitting",
											"dragon_flying"
										]
									},
									"add": {
										"component_groups": [
											"dragon_death"
										]
									}
								},
								"despawn_ender_dragon": {
									"add": {
										"component_groups": [
											"despawn"
										]
									}
								},
								"despawn_all_mobs": {
									"add": {
										"component_groups": [
											"despawn"
										]
									}
								}
							}
						},
						"key": "events",
						"children": [
							{
								"key": "minecraft:entity_spawned",
								"is_minified": true,
								"children": {
									"remove": {},
									"add": {
										"component_groups": [
											"dragon_flying"
										]
									}
								}
							},
							{
								"key": "minecraft:start_land",
								"is_minified": true,
								"children": {
									"remove": {
										"component_groups": [
											"dragon_flying"
										]
									},
									"add": {
										"component_groups": [
											"dragon_sitting"
										]
									}
								}
							},
							{
								"key": "minecraft:start_fly",
								"is_minified": true,
								"children": {
									"remove": {
										"component_groups": [
											"dragon_sitting"
										]
									},
									"add": {
										"component_groups": [
											"dragon_flying"
										]
									}
								}
							},
							{
								"key": "minecraft:start_death",
								"is_minified": true,
								"children": {
									"remove": {
										"component_groups": [
											"dragon_sitting",
											"dragon_flying"
										]
									},
									"add": {
										"component_groups": [
											"dragon_death"
										]
									}
								}
							},
							{
								"open": {
									"minecraft:entity_spawned": {
										"remove": {},
										"add": {
											"component_groups": [
												"dragon_flying"
											]
										}
									},
									"minecraft:start_land": {
										"remove": {
											"component_groups": [
												"dragon_flying"
											]
										},
										"add": {
											"component_groups": [
												"dragon_sitting"
											]
										}
									},
									"minecraft:start_fly": {
										"remove": {
											"component_groups": [
												"dragon_sitting"
											]
										},
										"add": {
											"component_groups": [
												"dragon_flying"
											]
										}
									},
									"minecraft:start_death": {
										"remove": {
											"component_groups": [
												"dragon_sitting",
												"dragon_flying"
											]
										},
										"add": {
											"component_groups": [
												"dragon_death"
											]
										}
									},
									"despawn_ender_dragon": {
										"add": {
											"component_groups": [
												"despawn"
											]
										}
									},
									"despawn_all_mobs": {
										"add": {
											"component_groups": [
												"despawn"
											]
										}
									}
								},
								"key": "despawn_ender_dragon",
								"children": [
									{
										"open": {
											"add": {
												"component_groups": [
													"despawn"
												]
											}
										},
										"key": "add",
										"children": [
											{
												"open": {
													"component_groups": [
														"despawn"
													]
												},
												"key": "component_groups",
												"is_minified": true,
												"children": [
													"despawn"
												]
											}
										]
									}
								]
							},
							{
								"open": {
									"minecraft:entity_spawned": {
										"remove": {},
										"add": {
											"component_groups": [
												"dragon_flying"
											]
										}
									},
									"minecraft:start_land": {
										"remove": {
											"component_groups": [
												"dragon_flying"
											]
										},
										"add": {
											"component_groups": [
												"dragon_sitting"
											]
										}
									},
									"minecraft:start_fly": {
										"remove": {
											"component_groups": [
												"dragon_sitting"
											]
										},
										"add": {
											"component_groups": [
												"dragon_flying"
											]
										}
									},
									"minecraft:start_death": {
										"remove": {
											"component_groups": [
												"dragon_sitting",
												"dragon_flying"
											]
										},
										"add": {
											"component_groups": [
												"dragon_death"
											]
										}
									},
									"despawn_ender_dragon": {
										"add": {
											"component_groups": [
												"despawn"
											]
										}
									},
									"despawn_all_mobs": {
										"add": {
											"component_groups": [
												"despawn"
											]
										}
									}
								},
								"key": "despawn_all_mobs",
								"children": [
									{
										"open": {
											"add": {
												"component_groups": [
													"despawn"
												]
											}
										},
										"key": "add",
										"children": [
											{
												"open": {
													"component_groups": [
														"despawn"
													]
												},
												"key": "component_groups",
												"is_minified": true,
												"children": [
													"despawn"
												]
											}
										]
									}
								]
							}
						]
					}
				]
			}
		]
	}
}