{
	"file_path": "C:\\Users\\2007p\\AppData\\Local\\Packages\\Microsoft.MinecraftUWP_8wekyb3d8bbwe\\LocalState\\games\\com.mojang\\development_behavior_packs\\Dragon_Cb3\\entities\\enderman.json",
	"file_type": "entity",
	"format_version": 1,
	"file_uuid": "48f1175a_db97_49d5_81ce_127cc9453648",
	"file_version": 1,
	"cache_content": {
		"children": [
			{
				"data": "1.16.0",
				"key": "format_version"
			},
			{
				"open": {
					"format_version": "1.16.0",
					"minecraft:entity": {
						"description": {
							"identifier": "minecraft:enderman",
							"is_spawnable": true,
							"is_summonable": true,
							"is_experimental": false
						},
						"component_groups": {
							"minecraft:enderman_calm": {
								"minecraft:on_target_acquired": {
									"event": "minecraft:become_angry",
									"target": "self"
								},
								"minecraft:movement": {
									"value": 0.3
								}
							},
							"minecraft:enderman_angry": {
								"minecraft:angry": {
									"duration": 25,
									"calm_event": {
										"event": "minecraft:on_calm",
										"target": "self"
									}
								},
								"minecraft:movement": {
									"value": 0.45
								},
								"minecraft:behavior.melee_attack": {
									"priority": 2
								}
							},
							"despawn": {
								"minecraft:instant_despawn": {}
							}
						},
						"components": {
							"minecraft:is_hidden_when_invisible": {},
							"minecraft:experience_reward": {
								"on_death": "query.last_hit_by_player ? 5 : 0"
							},
							"minecraft:type_family": {
								"family": [
									"enderman",
									"monster",
									"mob"
								]
							},
							"minecraft:breathable": {
								"total_supply": 15,
								"suffocate_time": 0
							},
							"minecraft:nameable": {},
							"minecraft:loot": {
								"table": "loot_tables/entities/enderman.json"
							},
							"minecraft:health": {
								"value": 40,
								"max": 40
							},
							"minecraft:hurt_on_condition": {
								"damage_conditions": [
									{
										"filters": {
											"test": "in_lava",
											"subject": "self",
											"operator": "==",
											"value": true
										},
										"cause": "lava",
										"damage_per_tick": 4
									},
									{
										"filters": {
											"test": "in_contact_with_water",
											"operator": "==",
											"value": true
										},
										"cause": "drowning",
										"damage_per_tick": 1
									}
								]
							},
							"minecraft:attack": {
								"damage": 7
							},
							"minecraft:follow_range": {
								"value": 32,
								"max": 32
							},
							"minecraft:collision_box": {
								"width": 0.6,
								"height": 2.9
							},
							"minecraft:teleport": {
								"random_teleports": true,
								"max_random_teleport_time": 30,
								"random_teleport_cube": [
									32,
									32,
									32
								],
								"target_distance": 16,
								"target_teleport_chance": 0.05,
								"light_teleport_chance": 0.05
							},
							"minecraft:lookat": {
								"search_radius": 64,
								"set_target": true,
								"look_cooldown": 5,
								"filters": {
									"all_of": [
										{
											"subject": "other",
											"test": "is_family",
											"value": "player"
										},
										{
											"test": "has_equipment",
											"domain": "head",
											"subject": "other",
											"operator": "not",
											"value": "carved_pumpkin"
										}
									]
								}
							},
							"minecraft:despawn": {
								"despawn_from_distance": {}
							},
							"minecraft:behavior.nearest_attackable_target": {
								"priority": 5,
								"must_see": true,
								"attack_interval": 10,
								"entity_types": [
									{
										"filters": {
											"test": "is_family",
											"subject": "other",
											"value": "endermite"
										},
										"max_dist": 64
									}
								]
							},
							"minecraft:navigation.walk": {
								"can_path_over_water": false,
								"avoid_water": true
							},
							"minecraft:movement.basic": {},
							"minecraft:jump.static": {},
							"minecraft:can_climb": {},
							"minecraft:behavior.float": {
								"priority": 0
							},
							"minecraft:behavior.random_stroll": {
								"priority": 7,
								"speed_multiplier": 1
							},
							"minecraft:behavior.look_at_player": {
								"priority": 8,
								"look_distance": 8,
								"probability": 8
							},
							"minecraft:behavior.random_look_around": {
								"priority": 8
							},
							"minecraft:behavior.hurt_by_target": {
								"priority": 3
							},
							"minecraft:behavior.enderman_leave_block": {
								"priority": 10
							},
							"minecraft:behavior.enderman_take_block": {
								"priority": 11
							},
							"minecraft:physics": {},
							"minecraft:pushable": {
								"is_pushable": true,
								"is_pushable_by_piston": true
							},
							"minecraft:conditional_bandwidth_optimization": {
								"default_values": {
									"max_optimized_distance": 80,
									"max_dropped_ticks": 10,
									"use_motion_prediction_hints": true
								}
							}
						},
						"events": {
							"minecraft:entity_spawned": {
								"remove": {},
								"add": {
									"component_groups": [
										"minecraft:enderman_calm"
									]
								}
							},
							"minecraft:become_angry": {
								"remove": {
									"component_groups": [
										"minecraft:enderman_calm"
									]
								},
								"add": {
									"component_groups": [
										"minecraft:enderman_angry"
									]
								}
							},
							"minecraft:on_calm": {
								"remove": {
									"component_groups": [
										"minecraft:enderman_angry"
									]
								},
								"add": {
									"component_groups": [
										"minecraft:enderman_calm"
									]
								}
							},
							"despawn_all_mobs": {
								"add": {
									"component_groups": [
										"despawn"
									]
								}
							},
							"despawn_enderman": {
								"add": {
									"component_groups": [
										"despawn"
									]
								}
							}
						}
					}
				},
				"key": "minecraft:entity",
				"children": [
					{
						"key": "description",
						"is_minified": true,
						"children": {
							"identifier": "minecraft:enderman",
							"is_spawnable": true,
							"is_summonable": true,
							"is_experimental": false
						}
					},
					{
						"open": {
							"description": {
								"identifier": "minecraft:enderman",
								"is_spawnable": true,
								"is_summonable": true,
								"is_experimental": false
							},
							"component_groups": {
								"minecraft:enderman_calm": {
									"minecraft:on_target_acquired": {
										"event": "minecraft:become_angry",
										"target": "self"
									},
									"minecraft:movement": {
										"value": 0.3
									}
								},
								"minecraft:enderman_angry": {
									"minecraft:angry": {
										"duration": 25,
										"calm_event": {
											"event": "minecraft:on_calm",
											"target": "self"
										}
									},
									"minecraft:movement": {
										"value": 0.45
									},
									"minecraft:behavior.melee_attack": {
										"priority": 2
									}
								},
								"despawn": {
									"minecraft:instant_despawn": {}
								}
							},
							"components": {
								"minecraft:is_hidden_when_invisible": {},
								"minecraft:experience_reward": {
									"on_death": "query.last_hit_by_player ? 5 : 0"
								},
								"minecraft:type_family": {
									"family": [
										"enderman",
										"monster",
										"mob"
									]
								},
								"minecraft:breathable": {
									"total_supply": 15,
									"suffocate_time": 0
								},
								"minecraft:nameable": {},
								"minecraft:loot": {
									"table": "loot_tables/entities/enderman.json"
								},
								"minecraft:health": {
									"value": 40,
									"max": 40
								},
								"minecraft:hurt_on_condition": {
									"damage_conditions": [
										{
											"filters": {
												"test": "in_lava",
												"subject": "self",
												"operator": "==",
												"value": true
											},
											"cause": "lava",
											"damage_per_tick": 4
										},
										{
											"filters": {
												"test": "in_contact_with_water",
												"operator": "==",
												"value": true
											},
											"cause": "drowning",
											"damage_per_tick": 1
										}
									]
								},
								"minecraft:attack": {
									"damage": 7
								},
								"minecraft:follow_range": {
									"value": 32,
									"max": 32
								},
								"minecraft:collision_box": {
									"width": 0.6,
									"height": 2.9
								},
								"minecraft:teleport": {
									"random_teleports": true,
									"max_random_teleport_time": 30,
									"random_teleport_cube": [
										32,
										32,
										32
									],
									"target_distance": 16,
									"target_teleport_chance": 0.05,
									"light_teleport_chance": 0.05
								},
								"minecraft:lookat": {
									"search_radius": 64,
									"set_target": true,
									"look_cooldown": 5,
									"filters": {
										"all_of": [
											{
												"subject": "other",
												"test": "is_family",
												"value": "player"
											},
											{
												"test": "has_equipment",
												"domain": "head",
												"subject": "other",
												"operator": "not",
												"value": "carved_pumpkin"
											}
										]
									}
								},
								"minecraft:despawn": {
									"despawn_from_distance": {}
								},
								"minecraft:behavior.nearest_attackable_target": {
									"priority": 5,
									"must_see": true,
									"attack_interval": 10,
									"entity_types": [
										{
											"filters": {
												"test": "is_family",
												"subject": "other",
												"value": "endermite"
											},
											"max_dist": 64
										}
									]
								},
								"minecraft:navigation.walk": {
									"can_path_over_water": false,
									"avoid_water": true
								},
								"minecraft:movement.basic": {},
								"minecraft:jump.static": {},
								"minecraft:can_climb": {},
								"minecraft:behavior.float": {
									"priority": 0
								},
								"minecraft:behavior.random_stroll": {
									"priority": 7,
									"speed_multiplier": 1
								},
								"minecraft:behavior.look_at_player": {
									"priority": 8,
									"look_distance": 8,
									"probability": 8
								},
								"minecraft:behavior.random_look_around": {
									"priority": 8
								},
								"minecraft:behavior.hurt_by_target": {
									"priority": 3
								},
								"minecraft:behavior.enderman_leave_block": {
									"priority": 10
								},
								"minecraft:behavior.enderman_take_block": {
									"priority": 11
								},
								"minecraft:physics": {},
								"minecraft:pushable": {
									"is_pushable": true,
									"is_pushable_by_piston": true
								},
								"minecraft:conditional_bandwidth_optimization": {
									"default_values": {
										"max_optimized_distance": 80,
										"max_dropped_ticks": 10,
										"use_motion_prediction_hints": true
									}
								}
							},
							"events": {
								"minecraft:entity_spawned": {
									"remove": {},
									"add": {
										"component_groups": [
											"minecraft:enderman_calm"
										]
									}
								},
								"minecraft:become_angry": {
									"remove": {
										"component_groups": [
											"minecraft:enderman_calm"
										]
									},
									"add": {
										"component_groups": [
											"minecraft:enderman_angry"
										]
									}
								},
								"minecraft:on_calm": {
									"remove": {
										"component_groups": [
											"minecraft:enderman_angry"
										]
									},
									"add": {
										"component_groups": [
											"minecraft:enderman_calm"
										]
									}
								},
								"despawn_all_mobs": {
									"add": {
										"component_groups": [
											"despawn"
										]
									}
								},
								"despawn_enderman": {
									"add": {
										"component_groups": [
											"despawn"
										]
									}
								}
							}
						},
						"key": "component_groups",
						"children": [
							{
								"key": "minecraft:enderman_calm",
								"is_minified": true,
								"children": {
									"minecraft:on_target_acquired": {
										"event": "minecraft:become_angry",
										"target": "self"
									},
									"minecraft:movement": {
										"value": 0.3
									}
								}
							},
							{
								"key": "minecraft:enderman_angry",
								"is_minified": true,
								"children": {
									"minecraft:angry": {
										"duration": 25,
										"calm_event": {
											"event": "minecraft:on_calm",
											"target": "self"
										}
									},
									"minecraft:movement": {
										"value": 0.45
									},
									"minecraft:behavior.melee_attack": {
										"priority": 2
									}
								}
							},
							{
								"open": {
									"minecraft:enderman_calm": {
										"minecraft:on_target_acquired": {
											"event": "minecraft:become_angry",
											"target": "self"
										},
										"minecraft:movement": {
											"value": 0.3
										}
									},
									"minecraft:enderman_angry": {
										"minecraft:angry": {
											"duration": 25,
											"calm_event": {
												"event": "minecraft:on_calm",
												"target": "self"
											}
										},
										"minecraft:movement": {
											"value": 0.45
										},
										"minecraft:behavior.melee_attack": {
											"priority": 2
										}
									},
									"despawn": {
										"minecraft:instant_despawn": {}
									}
								},
								"key": "despawn",
								"is_minified": true,
								"children": {
									"minecraft:instant_despawn": {}
								}
							}
						]
					},
					{
						"key": "components",
						"is_minified": true,
						"children": {
							"minecraft:is_hidden_when_invisible": {},
							"minecraft:experience_reward": {
								"on_death": "query.last_hit_by_player ? 5 : 0"
							},
							"minecraft:type_family": {
								"family": [
									"enderman",
									"monster",
									"mob"
								]
							},
							"minecraft:breathable": {
								"total_supply": 15,
								"suffocate_time": 0
							},
							"minecraft:nameable": {},
							"minecraft:loot": {
								"table": "loot_tables/entities/enderman.json"
							},
							"minecraft:health": {
								"value": 40,
								"max": 40
							},
							"minecraft:hurt_on_condition": {
								"damage_conditions": [
									{
										"filters": {
											"test": "in_lava",
											"subject": "self",
											"operator": "==",
											"value": true
										},
										"cause": "lava",
										"damage_per_tick": 4
									},
									{
										"filters": {
											"test": "in_contact_with_water",
											"operator": "==",
											"value": true
										},
										"cause": "drowning",
										"damage_per_tick": 1
									}
								]
							},
							"minecraft:attack": {
								"damage": 7
							},
							"minecraft:follow_range": {
								"value": 32,
								"max": 32
							},
							"minecraft:collision_box": {
								"width": 0.6,
								"height": 2.9
							},
							"minecraft:teleport": {
								"random_teleports": true,
								"max_random_teleport_time": 30,
								"random_teleport_cube": [
									32,
									32,
									32
								],
								"target_distance": 16,
								"target_teleport_chance": 0.05,
								"light_teleport_chance": 0.05
							},
							"minecraft:lookat": {
								"search_radius": 64,
								"set_target": true,
								"look_cooldown": 5,
								"filters": {
									"all_of": [
										{
											"subject": "other",
											"test": "is_family",
											"value": "player"
										},
										{
											"test": "has_equipment",
											"domain": "head",
											"subject": "other",
											"operator": "not",
											"value": "carved_pumpkin"
										}
									]
								}
							},
							"minecraft:despawn": {
								"despawn_from_distance": {}
							},
							"minecraft:behavior.nearest_attackable_target": {
								"priority": 5,
								"must_see": true,
								"attack_interval": 10,
								"entity_types": [
									{
										"filters": {
											"test": "is_family",
											"subject": "other",
											"value": "endermite"
										},
										"max_dist": 64
									}
								]
							},
							"minecraft:navigation.walk": {
								"can_path_over_water": false,
								"avoid_water": true
							},
							"minecraft:movement.basic": {},
							"minecraft:jump.static": {},
							"minecraft:can_climb": {},
							"minecraft:behavior.float": {
								"priority": 0
							},
							"minecraft:behavior.random_stroll": {
								"priority": 7,
								"speed_multiplier": 1
							},
							"minecraft:behavior.look_at_player": {
								"priority": 8,
								"look_distance": 8,
								"probability": 8
							},
							"minecraft:behavior.random_look_around": {
								"priority": 8
							},
							"minecraft:behavior.hurt_by_target": {
								"priority": 3
							},
							"minecraft:behavior.enderman_leave_block": {
								"priority": 10
							},
							"minecraft:behavior.enderman_take_block": {
								"priority": 11
							},
							"minecraft:physics": {},
							"minecraft:pushable": {
								"is_pushable": true,
								"is_pushable_by_piston": true
							},
							"minecraft:conditional_bandwidth_optimization": {
								"default_values": {
									"max_optimized_distance": 80,
									"max_dropped_ticks": 10,
									"use_motion_prediction_hints": true
								}
							}
						}
					},
					{
						"open": {
							"description": {
								"identifier": "minecraft:enderman",
								"is_spawnable": true,
								"is_summonable": true,
								"is_experimental": false
							},
							"component_groups": {
								"minecraft:enderman_calm": {
									"minecraft:on_target_acquired": {
										"event": "minecraft:become_angry",
										"target": "self"
									},
									"minecraft:movement": {
										"value": 0.3
									}
								},
								"minecraft:enderman_angry": {
									"minecraft:angry": {
										"duration": 25,
										"calm_event": {
											"event": "minecraft:on_calm",
											"target": "self"
										}
									},
									"minecraft:movement": {
										"value": 0.45
									},
									"minecraft:behavior.melee_attack": {
										"priority": 2
									}
								},
								"despawn": {
									"minecraft:instant_despawn": {}
								}
							},
							"components": {
								"minecraft:is_hidden_when_invisible": {},
								"minecraft:experience_reward": {
									"on_death": "query.last_hit_by_player ? 5 : 0"
								},
								"minecraft:type_family": {
									"family": [
										"enderman",
										"monster",
										"mob"
									]
								},
								"minecraft:breathable": {
									"total_supply": 15,
									"suffocate_time": 0
								},
								"minecraft:nameable": {},
								"minecraft:loot": {
									"table": "loot_tables/entities/enderman.json"
								},
								"minecraft:health": {
									"value": 40,
									"max": 40
								},
								"minecraft:hurt_on_condition": {
									"damage_conditions": [
										{
											"filters": {
												"test": "in_lava",
												"subject": "self",
												"operator": "==",
												"value": true
											},
											"cause": "lava",
											"damage_per_tick": 4
										},
										{
											"filters": {
												"test": "in_contact_with_water",
												"operator": "==",
												"value": true
											},
											"cause": "drowning",
											"damage_per_tick": 1
										}
									]
								},
								"minecraft:attack": {
									"damage": 7
								},
								"minecraft:follow_range": {
									"value": 32,
									"max": 32
								},
								"minecraft:collision_box": {
									"width": 0.6,
									"height": 2.9
								},
								"minecraft:teleport": {
									"random_teleports": true,
									"max_random_teleport_time": 30,
									"random_teleport_cube": [
										32,
										32,
										32
									],
									"target_distance": 16,
									"target_teleport_chance": 0.05,
									"light_teleport_chance": 0.05
								},
								"minecraft:lookat": {
									"search_radius": 64,
									"set_target": true,
									"look_cooldown": 5,
									"filters": {
										"all_of": [
											{
												"subject": "other",
												"test": "is_family",
												"value": "player"
											},
											{
												"test": "has_equipment",
												"domain": "head",
												"subject": "other",
												"operator": "not",
												"value": "carved_pumpkin"
											}
										]
									}
								},
								"minecraft:despawn": {
									"despawn_from_distance": {}
								},
								"minecraft:behavior.nearest_attackable_target": {
									"priority": 5,
									"must_see": true,
									"attack_interval": 10,
									"entity_types": [
										{
											"filters": {
												"test": "is_family",
												"subject": "other",
												"value": "endermite"
											},
											"max_dist": 64
										}
									]
								},
								"minecraft:navigation.walk": {
									"can_path_over_water": false,
									"avoid_water": true
								},
								"minecraft:movement.basic": {},
								"minecraft:jump.static": {},
								"minecraft:can_climb": {},
								"minecraft:behavior.float": {
									"priority": 0
								},
								"minecraft:behavior.random_stroll": {
									"priority": 7,
									"speed_multiplier": 1
								},
								"minecraft:behavior.look_at_player": {
									"priority": 8,
									"look_distance": 8,
									"probability": 8
								},
								"minecraft:behavior.random_look_around": {
									"priority": 8
								},
								"minecraft:behavior.hurt_by_target": {
									"priority": 3
								},
								"minecraft:behavior.enderman_leave_block": {
									"priority": 10
								},
								"minecraft:behavior.enderman_take_block": {
									"priority": 11
								},
								"minecraft:physics": {},
								"minecraft:pushable": {
									"is_pushable": true,
									"is_pushable_by_piston": true
								},
								"minecraft:conditional_bandwidth_optimization": {
									"default_values": {
										"max_optimized_distance": 80,
										"max_dropped_ticks": 10,
										"use_motion_prediction_hints": true
									}
								}
							},
							"events": {
								"minecraft:entity_spawned": {
									"remove": {},
									"add": {
										"component_groups": [
											"minecraft:enderman_calm"
										]
									}
								},
								"minecraft:become_angry": {
									"remove": {
										"component_groups": [
											"minecraft:enderman_calm"
										]
									},
									"add": {
										"component_groups": [
											"minecraft:enderman_angry"
										]
									}
								},
								"minecraft:on_calm": {
									"remove": {
										"component_groups": [
											"minecraft:enderman_angry"
										]
									},
									"add": {
										"component_groups": [
											"minecraft:enderman_calm"
										]
									}
								},
								"despawn_all_mobs": {
									"add": {
										"component_groups": [
											"despawn"
										]
									}
								},
								"despawn_enderman": {
									"add": {
										"component_groups": [
											"despawn"
										]
									}
								}
							}
						},
						"key": "events",
						"children": [
							{
								"key": "minecraft:entity_spawned",
								"is_minified": true,
								"children": {
									"remove": {},
									"add": {
										"component_groups": [
											"minecraft:enderman_calm"
										]
									}
								}
							},
							{
								"key": "minecraft:become_angry",
								"is_minified": true,
								"children": {
									"remove": {
										"component_groups": [
											"minecraft:enderman_calm"
										]
									},
									"add": {
										"component_groups": [
											"minecraft:enderman_angry"
										]
									}
								}
							},
							{
								"key": "minecraft:on_calm",
								"is_minified": true,
								"children": {
									"remove": {
										"component_groups": [
											"minecraft:enderman_angry"
										]
									},
									"add": {
										"component_groups": [
											"minecraft:enderman_calm"
										]
									}
								}
							},
							{
								"open": {
									"minecraft:entity_spawned": {
										"remove": {},
										"add": {
											"component_groups": [
												"minecraft:enderman_calm"
											]
										}
									},
									"minecraft:become_angry": {
										"remove": {
											"component_groups": [
												"minecraft:enderman_calm"
											]
										},
										"add": {
											"component_groups": [
												"minecraft:enderman_angry"
											]
										}
									},
									"minecraft:on_calm": {
										"remove": {
											"component_groups": [
												"minecraft:enderman_angry"
											]
										},
										"add": {
											"component_groups": [
												"minecraft:enderman_calm"
											]
										}
									},
									"despawn_all_mobs": {
										"add": {
											"component_groups": [
												"despawn"
											]
										}
									},
									"despawn_enderman": {
										"add": {
											"component_groups": [
												"despawn"
											]
										}
									}
								},
								"key": "despawn_all_mobs",
								"children": [
									{
										"open": {
											"add": {
												"component_groups": [
													"despawn"
												]
											}
										},
										"key": "add",
										"children": [
											{
												"open": {
													"component_groups": [
														"despawn"
													]
												},
												"key": "component_groups",
												"is_minified": true,
												"children": [
													"despawn"
												]
											}
										]
									}
								]
							},
							{
								"open": {
									"minecraft:entity_spawned": {
										"remove": {},
										"add": {
											"component_groups": [
												"minecraft:enderman_calm"
											]
										}
									},
									"minecraft:become_angry": {
										"remove": {
											"component_groups": [
												"minecraft:enderman_calm"
											]
										},
										"add": {
											"component_groups": [
												"minecraft:enderman_angry"
											]
										}
									},
									"minecraft:on_calm": {
										"remove": {
											"component_groups": [
												"minecraft:enderman_angry"
											]
										},
										"add": {
											"component_groups": [
												"minecraft:enderman_calm"
											]
										}
									},
									"despawn_all_mobs": {
										"add": {
											"component_groups": [
												"despawn"
											]
										}
									},
									"despawn_enderman": {
										"add": {
											"component_groups": [
												"despawn"
											]
										}
									}
								},
								"key": "despawn_enderman",
								"is_minified": true,
								"children": {
									"add": {
										"component_groups": [
											"despawn"
										]
									}
								}
							}
						]
					}
				]
			}
		]
	}
}