{
	"file_path": "C:\\Users\\2007p\\AppData\\Local\\Packages\\Microsoft.MinecraftUWP_8wekyb3d8bbwe\\LocalState\\games\\com.mojang\\development_behavior_packs\\Dragon_Cb3\\entities\\Ghast.json",
	"file_type": "entity",
	"format_version": 1,
	"file_uuid": "33933312_8ed7_4203_939a_535b0c392c44",
	"file_version": 1,
	"cache_content": {
		"children": [
			{
				"data": "1.16.0",
				"key": "format_version"
			},
			{
				"open": {
					"format_version": "1.16.0",
					"minecraft:entity": {
						"description": {
							"identifier": "minecraft:ghast",
							"is_spawnable": true,
							"is_summonable": true,
							"is_experimental": false
						},
						"component_groups": {
							"despawn": {
								"minecraft:instant_despawn": {}
							}
						},
						"components": {
							"minecraft:is_hidden_when_invisible": {},
							"minecraft:experience_reward": {
								"on_death": "query.last_hit_by_player ? 5 + (query.equipment_count * Math.Random(1,3)) : 0"
							},
							"minecraft:breathable": {
								"total_supply": 15,
								"suffocate_time": 0
							},
							"minecraft:fire_immune": {},
							"minecraft:nameable": {},
							"minecraft:health": {
								"value": 10,
								"max": 10
							},
							"minecraft:collision_box": {
								"width": 4,
								"height": 4
							},
							"minecraft:movement": {
								"value": 0.03
							},
							"minecraft:navigation.float": {
								"can_path_over_water": true
							},
							"minecraft:behavior.float_wander": {
								"priority": 2,
								"must_reach": true
							},
							"minecraft:can_fly": {},
							"minecraft:loot": {
								"table": "loot_tables/entities/ghast.json"
							},
							"minecraft:shooter": {
								"def": "minecraft:fireball"
							},
							"minecraft:type_family": {
								"family": [
									"ghast",
									"monster",
									"mob"
								]
							},
							"minecraft:damage_sensor": {
								"triggers": {
									"cause": "fall",
									"deals_damage": false
								}
							},
							"minecraft:jump.static": {},
							"minecraft:despawn": {
								"despawn_from_distance": {}
							},
							"minecraft:behavior.float": {
								"priority": 0
							},
							"minecraft:behavior.ranged_attack": {
								"priority": 1,
								"attack_radius": 64,
								"charge_shoot_trigger": 2,
								"charge_charged_trigger": 1
							},
							"minecraft:follow_range": {
								"value": 64,
								"max": 64
							},
							"minecraft:behavior.hurt_by_target": {
								"priority": 1
							},
							"minecraft:behavior.nearest_attackable_target": {
								"priority": 2,
								"entity_types": [
									{
										"filters": {
											"test": "is_family",
											"subject": "other",
											"value": "player"
										},
										"max_dist": 28
									}
								],
								"must_see": true
							},
							"minecraft:physics": {},
							"minecraft:pushable": {
								"is_pushable": true,
								"is_pushable_by_piston": true
							},
							"minecraft:conditional_bandwidth_optimization": {}
						},
						"events": {
							"despawn_all_mobs": {
								"add": {
									"component_groups": [
										"despawn"
									]
								}
							},
							"despawn_ghast": {
								"add": {
									"component_groups": [
										"despawn"
									]
								}
							}
						}
					}
				},
				"key": "minecraft:entity",
				"children": [
					{
						"open": {
							"description": {
								"identifier": "minecraft:ghast",
								"is_spawnable": true,
								"is_summonable": true,
								"is_experimental": false
							},
							"component_groups": {
								"despawn": {
									"minecraft:instant_despawn": {}
								}
							},
							"components": {
								"minecraft:is_hidden_when_invisible": {},
								"minecraft:experience_reward": {
									"on_death": "query.last_hit_by_player ? 5 + (query.equipment_count * Math.Random(1,3)) : 0"
								},
								"minecraft:breathable": {
									"total_supply": 15,
									"suffocate_time": 0
								},
								"minecraft:fire_immune": {},
								"minecraft:nameable": {},
								"minecraft:health": {
									"value": 10,
									"max": 10
								},
								"minecraft:collision_box": {
									"width": 4,
									"height": 4
								},
								"minecraft:movement": {
									"value": 0.03
								},
								"minecraft:navigation.float": {
									"can_path_over_water": true
								},
								"minecraft:behavior.float_wander": {
									"priority": 2,
									"must_reach": true
								},
								"minecraft:can_fly": {},
								"minecraft:loot": {
									"table": "loot_tables/entities/ghast.json"
								},
								"minecraft:shooter": {
									"def": "minecraft:fireball"
								},
								"minecraft:type_family": {
									"family": [
										"ghast",
										"monster",
										"mob"
									]
								},
								"minecraft:damage_sensor": {
									"triggers": {
										"cause": "fall",
										"deals_damage": false
									}
								},
								"minecraft:jump.static": {},
								"minecraft:despawn": {
									"despawn_from_distance": {}
								},
								"minecraft:behavior.float": {
									"priority": 0
								},
								"minecraft:behavior.ranged_attack": {
									"priority": 1,
									"attack_radius": 64,
									"charge_shoot_trigger": 2,
									"charge_charged_trigger": 1
								},
								"minecraft:follow_range": {
									"value": 64,
									"max": 64
								},
								"minecraft:behavior.hurt_by_target": {
									"priority": 1
								},
								"minecraft:behavior.nearest_attackable_target": {
									"priority": 2,
									"entity_types": [
										{
											"filters": {
												"test": "is_family",
												"subject": "other",
												"value": "player"
											},
											"max_dist": 28
										}
									],
									"must_see": true
								},
								"minecraft:physics": {},
								"minecraft:pushable": {
									"is_pushable": true,
									"is_pushable_by_piston": true
								},
								"minecraft:conditional_bandwidth_optimization": {}
							},
							"events": {
								"despawn_all_mobs": {
									"add": {
										"component_groups": [
											"despawn"
										]
									}
								},
								"despawn_ghast": {
									"add": {
										"component_groups": [
											"despawn"
										]
									}
								}
							}
						},
						"key": "description",
						"is_minified": true,
						"children": {
							"identifier": "minecraft:ghast",
							"is_spawnable": true,
							"is_summonable": true,
							"is_experimental": false
						}
					},
					{
						"open": {
							"description": {
								"identifier": "minecraft:ghast",
								"is_spawnable": true,
								"is_summonable": true,
								"is_experimental": false
							},
							"component_groups": {
								"despawn": {
									"minecraft:instant_despawn": {}
								}
							},
							"components": {
								"minecraft:is_hidden_when_invisible": {},
								"minecraft:experience_reward": {
									"on_death": "query.last_hit_by_player ? 5 + (query.equipment_count * Math.Random(1,3)) : 0"
								},
								"minecraft:breathable": {
									"total_supply": 15,
									"suffocate_time": 0
								},
								"minecraft:fire_immune": {},
								"minecraft:nameable": {},
								"minecraft:health": {
									"value": 10,
									"max": 10
								},
								"minecraft:collision_box": {
									"width": 4,
									"height": 4
								},
								"minecraft:movement": {
									"value": 0.03
								},
								"minecraft:navigation.float": {
									"can_path_over_water": true
								},
								"minecraft:behavior.float_wander": {
									"priority": 2,
									"must_reach": true
								},
								"minecraft:can_fly": {},
								"minecraft:loot": {
									"table": "loot_tables/entities/ghast.json"
								},
								"minecraft:shooter": {
									"def": "minecraft:fireball"
								},
								"minecraft:type_family": {
									"family": [
										"ghast",
										"monster",
										"mob"
									]
								},
								"minecraft:damage_sensor": {
									"triggers": {
										"cause": "fall",
										"deals_damage": false
									}
								},
								"minecraft:jump.static": {},
								"minecraft:despawn": {
									"despawn_from_distance": {}
								},
								"minecraft:behavior.float": {
									"priority": 0
								},
								"minecraft:behavior.ranged_attack": {
									"priority": 1,
									"attack_radius": 64,
									"charge_shoot_trigger": 2,
									"charge_charged_trigger": 1
								},
								"minecraft:follow_range": {
									"value": 64,
									"max": 64
								},
								"minecraft:behavior.hurt_by_target": {
									"priority": 1
								},
								"minecraft:behavior.nearest_attackable_target": {
									"priority": 2,
									"entity_types": [
										{
											"filters": {
												"test": "is_family",
												"subject": "other",
												"value": "player"
											},
											"max_dist": 28
										}
									],
									"must_see": true
								},
								"minecraft:physics": {},
								"minecraft:pushable": {
									"is_pushable": true,
									"is_pushable_by_piston": true
								},
								"minecraft:conditional_bandwidth_optimization": {}
							},
							"events": {
								"despawn_all_mobs": {
									"add": {
										"component_groups": [
											"despawn"
										]
									}
								},
								"despawn_ghast": {
									"add": {
										"component_groups": [
											"despawn"
										]
									}
								}
							}
						},
						"key": "component_groups",
						"children": [
							{
								"open": {
									"despawn": {
										"minecraft:instant_despawn": {}
									}
								},
								"key": "despawn",
								"is_minified": true,
								"children": {
									"minecraft:instant_despawn": {}
								}
							}
						]
					},
					{
						"open": {
							"description": {
								"identifier": "minecraft:ghast",
								"is_spawnable": true,
								"is_summonable": true,
								"is_experimental": false
							},
							"component_groups": {
								"despawn": {
									"minecraft:instant_despawn": {}
								}
							},
							"components": {
								"minecraft:is_hidden_when_invisible": {},
								"minecraft:experience_reward": {
									"on_death": "query.last_hit_by_player ? 5 + (query.equipment_count * Math.Random(1,3)) : 0"
								},
								"minecraft:breathable": {
									"total_supply": 15,
									"suffocate_time": 0
								},
								"minecraft:fire_immune": {},
								"minecraft:nameable": {},
								"minecraft:health": {
									"value": 10,
									"max": 10
								},
								"minecraft:collision_box": {
									"width": 4,
									"height": 4
								},
								"minecraft:movement": {
									"value": 0.03
								},
								"minecraft:navigation.float": {
									"can_path_over_water": true
								},
								"minecraft:behavior.float_wander": {
									"priority": 2,
									"must_reach": true
								},
								"minecraft:can_fly": {},
								"minecraft:loot": {
									"table": "loot_tables/entities/ghast.json"
								},
								"minecraft:shooter": {
									"def": "minecraft:fireball"
								},
								"minecraft:type_family": {
									"family": [
										"ghast",
										"monster",
										"mob"
									]
								},
								"minecraft:damage_sensor": {
									"triggers": {
										"cause": "fall",
										"deals_damage": false
									}
								},
								"minecraft:jump.static": {},
								"minecraft:despawn": {
									"despawn_from_distance": {}
								},
								"minecraft:behavior.float": {
									"priority": 0
								},
								"minecraft:behavior.ranged_attack": {
									"priority": 1,
									"attack_radius": 64,
									"charge_shoot_trigger": 2,
									"charge_charged_trigger": 1
								},
								"minecraft:follow_range": {
									"value": 64,
									"max": 64
								},
								"minecraft:behavior.hurt_by_target": {
									"priority": 1
								},
								"minecraft:behavior.nearest_attackable_target": {
									"priority": 2,
									"entity_types": [
										{
											"filters": {
												"test": "is_family",
												"subject": "other",
												"value": "player"
											},
											"max_dist": 28
										}
									],
									"must_see": true
								},
								"minecraft:physics": {},
								"minecraft:pushable": {
									"is_pushable": true,
									"is_pushable_by_piston": true
								},
								"minecraft:conditional_bandwidth_optimization": {}
							},
							"events": {
								"despawn_all_mobs": {
									"add": {
										"component_groups": [
											"despawn"
										]
									}
								},
								"despawn_ghast": {
									"add": {
										"component_groups": [
											"despawn"
										]
									}
								}
							}
						},
						"key": "components",
						"is_minified": true,
						"children": {
							"minecraft:is_hidden_when_invisible": {},
							"minecraft:experience_reward": {
								"on_death": "query.last_hit_by_player ? 5 + (query.equipment_count * Math.Random(1,3)) : 0"
							},
							"minecraft:breathable": {
								"total_supply": 15,
								"suffocate_time": 0
							},
							"minecraft:fire_immune": {},
							"minecraft:nameable": {},
							"minecraft:health": {
								"value": 10,
								"max": 10
							},
							"minecraft:collision_box": {
								"width": 4,
								"height": 4
							},
							"minecraft:movement": {
								"value": 0.03
							},
							"minecraft:navigation.float": {
								"can_path_over_water": true
							},
							"minecraft:behavior.float_wander": {
								"priority": 2,
								"must_reach": true
							},
							"minecraft:can_fly": {},
							"minecraft:loot": {
								"table": "loot_tables/entities/ghast.json"
							},
							"minecraft:shooter": {
								"def": "minecraft:fireball"
							},
							"minecraft:type_family": {
								"family": [
									"ghast",
									"monster",
									"mob"
								]
							},
							"minecraft:damage_sensor": {
								"triggers": {
									"cause": "fall",
									"deals_damage": false
								}
							},
							"minecraft:jump.static": {},
							"minecraft:despawn": {
								"despawn_from_distance": {}
							},
							"minecraft:behavior.float": {
								"priority": 0
							},
							"minecraft:behavior.ranged_attack": {
								"priority": 1,
								"attack_radius": 64,
								"charge_shoot_trigger": 2,
								"charge_charged_trigger": 1
							},
							"minecraft:follow_range": {
								"value": 64,
								"max": 64
							},
							"minecraft:behavior.hurt_by_target": {
								"priority": 1
							},
							"minecraft:behavior.nearest_attackable_target": {
								"priority": 2,
								"entity_types": [
									{
										"filters": {
											"test": "is_family",
											"subject": "other",
											"value": "player"
										},
										"max_dist": 28
									}
								],
								"must_see": true
							},
							"minecraft:physics": {},
							"minecraft:pushable": {
								"is_pushable": true,
								"is_pushable_by_piston": true
							},
							"minecraft:conditional_bandwidth_optimization": {}
						}
					},
					{
						"open": {
							"description": {
								"identifier": "minecraft:ghast",
								"is_spawnable": true,
								"is_summonable": true,
								"is_experimental": false
							},
							"component_groups": {
								"despawn": {
									"minecraft:instant_despawn": {}
								}
							},
							"components": {
								"minecraft:is_hidden_when_invisible": {},
								"minecraft:experience_reward": {
									"on_death": "query.last_hit_by_player ? 5 + (query.equipment_count * Math.Random(1,3)) : 0"
								},
								"minecraft:breathable": {
									"total_supply": 15,
									"suffocate_time": 0
								},
								"minecraft:fire_immune": {},
								"minecraft:nameable": {},
								"minecraft:health": {
									"value": 10,
									"max": 10
								},
								"minecraft:collision_box": {
									"width": 4,
									"height": 4
								},
								"minecraft:movement": {
									"value": 0.03
								},
								"minecraft:navigation.float": {
									"can_path_over_water": true
								},
								"minecraft:behavior.float_wander": {
									"priority": 2,
									"must_reach": true
								},
								"minecraft:can_fly": {},
								"minecraft:loot": {
									"table": "loot_tables/entities/ghast.json"
								},
								"minecraft:shooter": {
									"def": "minecraft:fireball"
								},
								"minecraft:type_family": {
									"family": [
										"ghast",
										"monster",
										"mob"
									]
								},
								"minecraft:damage_sensor": {
									"triggers": {
										"cause": "fall",
										"deals_damage": false
									}
								},
								"minecraft:jump.static": {},
								"minecraft:despawn": {
									"despawn_from_distance": {}
								},
								"minecraft:behavior.float": {
									"priority": 0
								},
								"minecraft:behavior.ranged_attack": {
									"priority": 1,
									"attack_radius": 64,
									"charge_shoot_trigger": 2,
									"charge_charged_trigger": 1
								},
								"minecraft:follow_range": {
									"value": 64,
									"max": 64
								},
								"minecraft:behavior.hurt_by_target": {
									"priority": 1
								},
								"minecraft:behavior.nearest_attackable_target": {
									"priority": 2,
									"entity_types": [
										{
											"filters": {
												"test": "is_family",
												"subject": "other",
												"value": "player"
											},
											"max_dist": 28
										}
									],
									"must_see": true
								},
								"minecraft:physics": {},
								"minecraft:pushable": {
									"is_pushable": true,
									"is_pushable_by_piston": true
								},
								"minecraft:conditional_bandwidth_optimization": {}
							},
							"events": {
								"despawn_all_mobs": {
									"add": {
										"component_groups": [
											"despawn"
										]
									}
								},
								"despawn_ghast": {
									"add": {
										"component_groups": [
											"despawn"
										]
									}
								}
							}
						},
						"key": "events",
						"children": [
							{
								"open": {
									"despawn_all_mobs": {
										"add": {
											"component_groups": [
												"despawn"
											]
										}
									},
									"despawn_ghast": {
										"add": {
											"component_groups": [
												"despawn"
											]
										}
									}
								},
								"key": "despawn_all_mobs",
								"children": [
									{
										"open": {
											"add": {
												"component_groups": [
													"despawn"
												]
											}
										},
										"key": "add",
										"children": [
											{
												"open": {
													"component_groups": [
														"despawn"
													]
												},
												"key": "component_groups",
												"is_minified": true,
												"children": [
													"despawn"
												]
											}
										]
									}
								]
							},
							{
								"open": {
									"despawn_all_mobs": {
										"add": {
											"component_groups": [
												"despawn"
											]
										}
									},
									"despawn_ghast": {
										"add": {
											"component_groups": [
												"despawn"
											]
										}
									}
								},
								"key": "despawn_ghast",
								"is_minified": true,
								"children": {
									"add": {
										"component_groups": [
											"despawn"
										]
									}
								}
							}
						]
					}
				]
			}
		]
	}
}