{
	"file_path": "C:\\Users\\2007p\\AppData\\Local\\Packages\\Microsoft.MinecraftUWP_8wekyb3d8bbwe\\LocalState\\games\\com.mojang\\development_behavior_packs\\jknjb\\entities\\npc.json",
	"file_type": "entity",
	"format_version": 1,
	"file_uuid": "140ceb33_fc12_4329_b8d5_dcc5ce66b500",
	"file_version": 20,
	"cache_content": {
		"children": [
			{
				"data": "1.13.0",
				"key": "format_version"
			},
			{
				"open": {
					"format_version": "1.13.0",
					"minecraft:entity": {
						"description": {
							"identifier": "minecraft:npc",
							"is_spawnable": true,
							"is_summonable": true,
							"is_experimental": false
						},
						"component_groups": {
							"despawn": {
								"minecraft:instant_despawn": {},
								"minecraft:entity_sensor": {},
								"minecraft:environment_sensor": {
									"triggers": {}
								}
							}
						},
						"components": {
							"minecraft:damage_sensor": {
								"triggers": {
									"cause": "all",
									"deals_damage": false
								}
							},
							"minecraft:type_family": {
								"family": [
									"npc",
									"mob"
								]
							},
							"minecraft:fire_immune": true,
							"minecraft:movement": {
								"value": 0.5
							},
							"minecraft:loot": {
								"table": "loot_tables/empty.json"
							},
							"minecraft:collision_box": {
								"width": 0.6,
								"height": 2.1
							},
							"minecraft:behavior.look_at_player": {
								"priority": 0,
								"look_distance": 6,
								"probability": 0.02
							},
							"minecraft:persistent": {},
							"minecraft:npc": {
								"npc_data": {
									"portrait_offsets": {
										"translate": [
											-7,
											50,
											0
										],
										"scale": [
											1.75,
											1.75,
											1.75
										]
									},
									"picker_offsets": {
										"translate": [
											0,
											20,
											0
										],
										"scale": [
											1.7,
											1.7,
											1.7
										]
									},
									"skin_list": [
										{
											"variant": 0
										},
										{
											"variant": 1
										},
										{
											"variant": 2
										},
										{
											"variant": 3
										},
										{
											"variant": 4
										},
										{
											"variant": 5
										},
										{
											"variant": 6
										},
										{
											"variant": 7
										},
										{
											"variant": 8
										},
										{
											"variant": 9
										},
										{
											"variant": 10
										},
										{
											"variant": 11
										},
										{
											"variant": 12
										},
										{
											"variant": 13
										},
										{
											"variant": 14
										},
										{
											"variant": 15
										},
										{
											"variant": 16
										},
										{
											"variant": 17
										},
										{
											"variant": 18
										},
										{
											"variant": 19
										}
									]
								}
							},
							"minecraft:nameable": {
								"always_show": true,
								"allow_name_tag_renaming": false
							},
							"minecraft:physics": {},
							"minecraft:conditional_bandwidth_optimization": {},
							"minecraft:interact": {
								"interactions": [
									{
										"on_interact": {
											"filters": {
												"test": "has_equipment",
												"domain": "head",
												"operator": "!=",
												"value": "minecraft:golden_helmet"
											},
											"event": "despawn_npc"
										}
									}
								]
							}
						},
						"events": {
							"minecraft:entity_spawned": {
								"execute": {
									"commands": [
										"/execute @p[r=3,tag=admin] ~~~ replaceitem entity @e[type=npc,r=3] slot.armor.head 0 golden_helmet",
										"/execute @p[r=3,tag=admin] ~~~ tag @e[type=npc,r=3] add listet"
									]
								}
							},
							"despawn_npc": {
								"execute": {
									"commands": [
										"/scoreboard players add @p npc_dead 1",
										"/kill @s[tag=!listet]"
									]
								}
							},
							"npc_dead": {
								"execute": {
									"commands": [
										"/scoreboard players add @p npc_dead 1"
									]
								}
							}
						}
					}
				},
				"key": "minecraft:entity",
				"children": [
					{
						"open": {
							"description": {
								"identifier": "minecraft:npc",
								"is_spawnable": true,
								"is_summonable": true,
								"is_experimental": false
							},
							"component_groups": {
								"despawn": {
									"minecraft:instant_despawn": {},
									"minecraft:entity_sensor": {},
									"minecraft:environment_sensor": {
										"triggers": {}
									}
								}
							},
							"components": {
								"minecraft:damage_sensor": {
									"triggers": {
										"cause": "all",
										"deals_damage": false
									}
								},
								"minecraft:type_family": {
									"family": [
										"npc",
										"mob"
									]
								},
								"minecraft:fire_immune": true,
								"minecraft:movement": {
									"value": 0.5
								},
								"minecraft:loot": {
									"table": "loot_tables/empty.json"
								},
								"minecraft:collision_box": {
									"width": 0.6,
									"height": 2.1
								},
								"minecraft:behavior.look_at_player": {
									"priority": 0,
									"look_distance": 6,
									"probability": 0.02
								},
								"minecraft:persistent": {},
								"minecraft:npc": {
									"npc_data": {
										"portrait_offsets": {
											"translate": [
												-7,
												50,
												0
											],
											"scale": [
												1.75,
												1.75,
												1.75
											]
										},
										"picker_offsets": {
											"translate": [
												0,
												20,
												0
											],
											"scale": [
												1.7,
												1.7,
												1.7
											]
										},
										"skin_list": [
											{
												"variant": 0
											},
											{
												"variant": 1
											},
											{
												"variant": 2
											},
											{
												"variant": 3
											},
											{
												"variant": 4
											},
											{
												"variant": 5
											},
											{
												"variant": 6
											},
											{
												"variant": 7
											},
											{
												"variant": 8
											},
											{
												"variant": 9
											},
											{
												"variant": 10
											},
											{
												"variant": 11
											},
											{
												"variant": 12
											},
											{
												"variant": 13
											},
											{
												"variant": 14
											},
											{
												"variant": 15
											},
											{
												"variant": 16
											},
											{
												"variant": 17
											},
											{
												"variant": 18
											},
											{
												"variant": 19
											}
										]
									}
								},
								"minecraft:nameable": {
									"always_show": true,
									"allow_name_tag_renaming": false
								},
								"minecraft:physics": {},
								"minecraft:conditional_bandwidth_optimization": {},
								"minecraft:interact": {
									"interactions": [
										{
											"on_interact": {
												"filters": {
													"test": "has_equipment",
													"domain": "head",
													"operator": "!=",
													"value": "minecraft:golden_helmet"
												},
												"event": "despawn_npc"
											}
										}
									]
								}
							},
							"events": {
								"minecraft:entity_spawned": {
									"execute": {
										"commands": [
											"/execute @p[r=3,tag=admin] ~~~ replaceitem entity @e[type=npc,r=3] slot.armor.head 0 golden_helmet",
											"/execute @p[r=3,tag=admin] ~~~ tag @e[type=npc,r=3] add listet"
										]
									}
								},
								"despawn_npc": {
									"execute": {
										"commands": [
											"/scoreboard players add @p npc_dead 1",
											"/kill @s[tag=!listet]"
										]
									}
								},
								"npc_dead": {
									"execute": {
										"commands": [
											"/scoreboard players add @p npc_dead 1"
										]
									}
								}
							}
						},
						"key": "description",
						"is_minified": true,
						"children": {
							"identifier": "minecraft:npc",
							"is_spawnable": true,
							"is_summonable": true,
							"is_experimental": false
						}
					},
					{
						"open": {
							"description": {
								"identifier": "minecraft:npc",
								"is_spawnable": true,
								"is_summonable": true,
								"is_experimental": false
							},
							"component_groups": {
								"despawn": {
									"minecraft:instant_despawn": {},
									"minecraft:entity_sensor": {},
									"minecraft:environment_sensor": {
										"triggers": {}
									}
								}
							},
							"components": {
								"minecraft:damage_sensor": {
									"triggers": {
										"cause": "all",
										"deals_damage": false
									}
								},
								"minecraft:type_family": {
									"family": [
										"npc",
										"mob"
									]
								},
								"minecraft:fire_immune": true,
								"minecraft:movement": {
									"value": 0.5
								},
								"minecraft:loot": {
									"table": "loot_tables/empty.json"
								},
								"minecraft:collision_box": {
									"width": 0.6,
									"height": 2.1
								},
								"minecraft:behavior.look_at_player": {
									"priority": 0,
									"look_distance": 6,
									"probability": 0.02
								},
								"minecraft:persistent": {},
								"minecraft:npc": {
									"npc_data": {
										"portrait_offsets": {
											"translate": [
												-7,
												50,
												0
											],
											"scale": [
												1.75,
												1.75,
												1.75
											]
										},
										"picker_offsets": {
											"translate": [
												0,
												20,
												0
											],
											"scale": [
												1.7,
												1.7,
												1.7
											]
										},
										"skin_list": [
											{
												"variant": 0
											},
											{
												"variant": 1
											},
											{
												"variant": 2
											},
											{
												"variant": 3
											},
											{
												"variant": 4
											},
											{
												"variant": 5
											},
											{
												"variant": 6
											},
											{
												"variant": 7
											},
											{
												"variant": 8
											},
											{
												"variant": 9
											},
											{
												"variant": 10
											},
											{
												"variant": 11
											},
											{
												"variant": 12
											},
											{
												"variant": 13
											},
											{
												"variant": 14
											},
											{
												"variant": 15
											},
											{
												"variant": 16
											},
											{
												"variant": 17
											},
											{
												"variant": 18
											},
											{
												"variant": 19
											}
										]
									}
								},
								"minecraft:nameable": {
									"always_show": true,
									"allow_name_tag_renaming": false
								},
								"minecraft:physics": {},
								"minecraft:conditional_bandwidth_optimization": {},
								"minecraft:interact": {
									"interactions": [
										{
											"on_interact": {
												"filters": {
													"test": "has_equipment",
													"domain": "head",
													"operator": "!=",
													"value": "minecraft:golden_helmet"
												},
												"event": "despawn_npc"
											}
										}
									]
								}
							},
							"events": {
								"minecraft:entity_spawned": {
									"execute": {
										"commands": [
											"/execute @p[r=3,tag=admin] ~~~ replaceitem entity @e[type=npc,r=3] slot.armor.head 0 golden_helmet",
											"/execute @p[r=3,tag=admin] ~~~ tag @e[type=npc,r=3] add listet"
										]
									}
								},
								"despawn_npc": {
									"execute": {
										"commands": [
											"/scoreboard players add @p npc_dead 1",
											"/kill @s[tag=!listet]"
										]
									}
								},
								"npc_dead": {
									"execute": {
										"commands": [
											"/scoreboard players add @p npc_dead 1"
										]
									}
								}
							}
						},
						"key": "component_groups",
						"children": [
							{
								"open": {
									"despawn": {
										"minecraft:instant_despawn": {},
										"minecraft:entity_sensor": {},
										"minecraft:environment_sensor": {
											"triggers": {}
										}
									}
								},
								"key": "despawn",
								"children": [
									{
										"open": {
											"minecraft:instant_despawn": {},
											"minecraft:entity_sensor": {},
											"minecraft:environment_sensor": {
												"triggers": {}
											}
										},
										"key": "minecraft:instant_despawn",
										"is_minified": true,
										"children": {}
									},
									{
										"key": "minecraft:entity_sensor",
										"is_minified": true,
										"children": {}
									},
									{
										"open": {
											"minecraft:instant_despawn": {},
											"minecraft:entity_sensor": {},
											"minecraft:environment_sensor": {
												"triggers": {}
											}
										},
										"key": "minecraft:environment_sensor",
										"is_minified": true,
										"children": {
											"triggers": {}
										}
									}
								]
							}
						]
					},
					{
						"open": {
							"description": {
								"identifier": "minecraft:npc",
								"is_spawnable": true,
								"is_summonable": true,
								"is_experimental": false
							},
							"component_groups": {
								"despawn": {
									"minecraft:instant_despawn": {},
									"minecraft:entity_sensor": {},
									"minecraft:environment_sensor": {
										"triggers": {}
									}
								}
							},
							"components": {
								"minecraft:damage_sensor": {
									"triggers": {
										"cause": "all",
										"deals_damage": false
									}
								},
								"minecraft:type_family": {
									"family": [
										"npc",
										"mob"
									]
								},
								"minecraft:fire_immune": true,
								"minecraft:movement": {
									"value": 0.5
								},
								"minecraft:loot": {
									"table": "loot_tables/empty.json"
								},
								"minecraft:collision_box": {
									"width": 0.6,
									"height": 2.1
								},
								"minecraft:behavior.look_at_player": {
									"priority": 0,
									"look_distance": 6,
									"probability": 0.02
								},
								"minecraft:persistent": {},
								"minecraft:npc": {
									"npc_data": {
										"portrait_offsets": {
											"translate": [
												-7,
												50,
												0
											],
											"scale": [
												1.75,
												1.75,
												1.75
											]
										},
										"picker_offsets": {
											"translate": [
												0,
												20,
												0
											],
											"scale": [
												1.7,
												1.7,
												1.7
											]
										},
										"skin_list": [
											{
												"variant": 0
											},
											{
												"variant": 1
											},
											{
												"variant": 2
											},
											{
												"variant": 3
											},
											{
												"variant": 4
											},
											{
												"variant": 5
											},
											{
												"variant": 6
											},
											{
												"variant": 7
											},
											{
												"variant": 8
											},
											{
												"variant": 9
											},
											{
												"variant": 10
											},
											{
												"variant": 11
											},
											{
												"variant": 12
											},
											{
												"variant": 13
											},
											{
												"variant": 14
											},
											{
												"variant": 15
											},
											{
												"variant": 16
											},
											{
												"variant": 17
											},
											{
												"variant": 18
											},
											{
												"variant": 19
											}
										]
									}
								},
								"minecraft:nameable": {
									"always_show": true,
									"allow_name_tag_renaming": false
								},
								"minecraft:physics": {},
								"minecraft:conditional_bandwidth_optimization": {},
								"minecraft:interact": {
									"interactions": [
										{
											"on_interact": {
												"filters": {
													"test": "has_equipment",
													"domain": "head",
													"operator": "!=",
													"value": "minecraft:golden_helmet"
												},
												"event": "despawn_npc"
											}
										}
									]
								}
							},
							"events": {
								"minecraft:entity_spawned": {
									"execute": {
										"commands": [
											"/execute @p[r=3,tag=admin] ~~~ replaceitem entity @e[type=npc,r=3] slot.armor.head 0 golden_helmet",
											"/execute @p[r=3,tag=admin] ~~~ tag @e[type=npc,r=3] add listet"
										]
									}
								},
								"despawn_npc": {
									"execute": {
										"commands": [
											"/scoreboard players add @p npc_dead 1",
											"/kill @s[tag=!listet]"
										]
									}
								},
								"npc_dead": {
									"execute": {
										"commands": [
											"/scoreboard players add @p npc_dead 1"
										]
									}
								}
							}
						},
						"key": "components",
						"children": [
							{
								"open": {
									"minecraft:damage_sensor": {
										"triggers": {
											"cause": "all",
											"deals_damage": false
										}
									},
									"minecraft:type_family": {
										"family": [
											"npc",
											"mob"
										]
									},
									"minecraft:fire_immune": true,
									"minecraft:movement": {
										"value": 0.5
									},
									"minecraft:loot": {
										"table": "loot_tables/empty.json"
									},
									"minecraft:collision_box": {
										"width": 0.6,
										"height": 2.1
									},
									"minecraft:behavior.look_at_player": {
										"priority": 0,
										"look_distance": 6,
										"probability": 0.02
									},
									"minecraft:persistent": {},
									"minecraft:npc": {
										"npc_data": {
											"portrait_offsets": {
												"translate": [
													-7,
													50,
													0
												],
												"scale": [
													1.75,
													1.75,
													1.75
												]
											},
											"picker_offsets": {
												"translate": [
													0,
													20,
													0
												],
												"scale": [
													1.7,
													1.7,
													1.7
												]
											},
											"skin_list": [
												{
													"variant": 0
												},
												{
													"variant": 1
												},
												{
													"variant": 2
												},
												{
													"variant": 3
												},
												{
													"variant": 4
												},
												{
													"variant": 5
												},
												{
													"variant": 6
												},
												{
													"variant": 7
												},
												{
													"variant": 8
												},
												{
													"variant": 9
												},
												{
													"variant": 10
												},
												{
													"variant": 11
												},
												{
													"variant": 12
												},
												{
													"variant": 13
												},
												{
													"variant": 14
												},
												{
													"variant": 15
												},
												{
													"variant": 16
												},
												{
													"variant": 17
												},
												{
													"variant": 18
												},
												{
													"variant": 19
												}
											]
										}
									},
									"minecraft:nameable": {
										"always_show": true,
										"allow_name_tag_renaming": false
									},
									"minecraft:physics": {},
									"minecraft:conditional_bandwidth_optimization": {},
									"minecraft:interact": {
										"interactions": [
											{
												"on_interact": {
													"filters": {
														"test": "has_equipment",
														"domain": "head",
														"operator": "!=",
														"value": "minecraft:golden_helmet"
													},
													"event": "despawn_npc"
												}
											}
										]
									}
								},
								"key": "minecraft:damage_sensor",
								"is_minified": true,
								"children": {
									"triggers": {
										"cause": "all",
										"deals_damage": false
									}
								}
							},
							{
								"key": "minecraft:type_family",
								"is_minified": true,
								"children": {
									"family": [
										"npc",
										"mob"
									]
								}
							},
							{
								"data": "true",
								"key": "minecraft:fire_immune"
							},
							{
								"key": "minecraft:movement",
								"is_minified": true,
								"children": {
									"value": 0.5
								}
							},
							{
								"key": "minecraft:loot",
								"is_minified": true,
								"children": {
									"table": "loot_tables/empty.json"
								}
							},
							{
								"key": "minecraft:collision_box",
								"is_minified": true,
								"children": {
									"width": 0.6,
									"height": 2.1
								}
							},
							{
								"key": "minecraft:behavior.look_at_player",
								"is_minified": true,
								"children": {
									"priority": 0,
									"look_distance": 6,
									"probability": 0.02
								}
							},
							{
								"key": "minecraft:persistent",
								"is_minified": true,
								"children": {}
							},
							{
								"open": {
									"minecraft:damage_sensor": {
										"triggers": {
											"cause": "all",
											"deals_damage": false
										}
									},
									"minecraft:type_family": {
										"family": [
											"npc",
											"mob"
										]
									},
									"minecraft:fire_immune": true,
									"minecraft:movement": {
										"value": 0.5
									},
									"minecraft:loot": {
										"table": "loot_tables/empty.json"
									},
									"minecraft:collision_box": {
										"width": 0.6,
										"height": 2.1
									},
									"minecraft:behavior.look_at_player": {
										"priority": 0,
										"look_distance": 6,
										"probability": 0.02
									},
									"minecraft:persistent": {},
									"minecraft:npc": {
										"npc_data": {
											"portrait_offsets": {
												"translate": [
													-7,
													50,
													0
												],
												"scale": [
													1.75,
													1.75,
													1.75
												]
											},
											"picker_offsets": {
												"translate": [
													0,
													20,
													0
												],
												"scale": [
													1.7,
													1.7,
													1.7
												]
											},
											"skin_list": [
												{
													"variant": 0
												},
												{
													"variant": 1
												},
												{
													"variant": 2
												},
												{
													"variant": 3
												},
												{
													"variant": 4
												},
												{
													"variant": 5
												},
												{
													"variant": 6
												},
												{
													"variant": 7
												},
												{
													"variant": 8
												},
												{
													"variant": 9
												},
												{
													"variant": 10
												},
												{
													"variant": 11
												},
												{
													"variant": 12
												},
												{
													"variant": 13
												},
												{
													"variant": 14
												},
												{
													"variant": 15
												},
												{
													"variant": 16
												},
												{
													"variant": 17
												},
												{
													"variant": 18
												},
												{
													"variant": 19
												}
											]
										}
									},
									"minecraft:nameable": {
										"always_show": true,
										"allow_name_tag_renaming": false
									},
									"minecraft:physics": {},
									"minecraft:conditional_bandwidth_optimization": {},
									"minecraft:interact": {
										"interactions": [
											{
												"on_interact": {
													"filters": {
														"test": "has_equipment",
														"domain": "head",
														"operator": "!=",
														"value": "minecraft:golden_helmet"
													},
													"event": "despawn_npc"
												}
											}
										]
									}
								},
								"key": "minecraft:npc",
								"children": [
									{
										"open": {
											"npc_data": {
												"portrait_offsets": {
													"translate": [
														-7,
														50,
														0
													],
													"scale": [
														1.75,
														1.75,
														1.75
													]
												},
												"picker_offsets": {
													"translate": [
														0,
														20,
														0
													],
													"scale": [
														1.7,
														1.7,
														1.7
													]
												},
												"skin_list": [
													{
														"variant": 0
													},
													{
														"variant": 1
													},
													{
														"variant": 2
													},
													{
														"variant": 3
													},
													{
														"variant": 4
													},
													{
														"variant": 5
													},
													{
														"variant": 6
													},
													{
														"variant": 7
													},
													{
														"variant": 8
													},
													{
														"variant": 9
													},
													{
														"variant": 10
													},
													{
														"variant": 11
													},
													{
														"variant": 12
													},
													{
														"variant": 13
													},
													{
														"variant": 14
													},
													{
														"variant": 15
													},
													{
														"variant": 16
													},
													{
														"variant": 17
													},
													{
														"variant": 18
													},
													{
														"variant": 19
													}
												]
											}
										},
										"key": "npc_data",
										"is_minified": true,
										"children": {
											"portrait_offsets": {
												"translate": [
													-7,
													50,
													0
												],
												"scale": [
													1.75,
													1.75,
													1.75
												]
											},
											"picker_offsets": {
												"translate": [
													0,
													20,
													0
												],
												"scale": [
													1.7,
													1.7,
													1.7
												]
											},
											"skin_list": [
												{
													"variant": 0
												},
												{
													"variant": 1
												},
												{
													"variant": 2
												},
												{
													"variant": 3
												},
												{
													"variant": 4
												},
												{
													"variant": 5
												},
												{
													"variant": 6
												},
												{
													"variant": 7
												},
												{
													"variant": 8
												},
												{
													"variant": 9
												},
												{
													"variant": 10
												},
												{
													"variant": 11
												},
												{
													"variant": 12
												},
												{
													"variant": 13
												},
												{
													"variant": 14
												},
												{
													"variant": 15
												},
												{
													"variant": 16
												},
												{
													"variant": 17
												},
												{
													"variant": 18
												},
												{
													"variant": 19
												}
											]
										}
									}
								]
							},
							{
								"key": "minecraft:nameable",
								"is_minified": true,
								"children": {
									"always_show": true,
									"allow_name_tag_renaming": false
								}
							},
							{
								"key": "minecraft:physics",
								"is_minified": true,
								"children": {}
							},
							{
								"key": "minecraft:conditional_bandwidth_optimization",
								"is_minified": true,
								"children": {}
							},
							{
								"open": {
									"minecraft:damage_sensor": {
										"triggers": {
											"cause": "all",
											"deals_damage": false
										}
									},
									"minecraft:type_family": {
										"family": [
											"npc",
											"mob"
										]
									},
									"minecraft:fire_immune": true,
									"minecraft:movement": {
										"value": 0.5
									},
									"minecraft:loot": {
										"table": "loot_tables/empty.json"
									},
									"minecraft:collision_box": {
										"width": 0.6,
										"height": 2.1
									},
									"minecraft:behavior.look_at_player": {
										"priority": 0,
										"look_distance": 6,
										"probability": 0.02
									},
									"minecraft:persistent": {},
									"minecraft:npc": {
										"npc_data": {
											"portrait_offsets": {
												"translate": [
													-7,
													50,
													0
												],
												"scale": [
													1.75,
													1.75,
													1.75
												]
											},
											"picker_offsets": {
												"translate": [
													0,
													20,
													0
												],
												"scale": [
													1.7,
													1.7,
													1.7
												]
											},
											"skin_list": [
												{
													"variant": 0
												},
												{
													"variant": 1
												},
												{
													"variant": 2
												},
												{
													"variant": 3
												},
												{
													"variant": 4
												},
												{
													"variant": 5
												},
												{
													"variant": 6
												},
												{
													"variant": 7
												},
												{
													"variant": 8
												},
												{
													"variant": 9
												},
												{
													"variant": 10
												},
												{
													"variant": 11
												},
												{
													"variant": 12
												},
												{
													"variant": 13
												},
												{
													"variant": 14
												},
												{
													"variant": 15
												},
												{
													"variant": 16
												},
												{
													"variant": 17
												},
												{
													"variant": 18
												},
												{
													"variant": 19
												}
											]
										}
									},
									"minecraft:nameable": {
										"always_show": true,
										"allow_name_tag_renaming": false
									},
									"minecraft:physics": {},
									"minecraft:conditional_bandwidth_optimization": {},
									"minecraft:interact": {
										"interactions": [
											{
												"on_interact": {
													"filters": {
														"test": "has_equipment",
														"domain": "head",
														"operator": "!=",
														"value": "minecraft:golden_helmet"
													},
													"event": "despawn_npc"
												}
											}
										]
									}
								},
								"key": "minecraft:interact",
								"children": [
									{
										"open": {
											"interactions": [
												{
													"on_interact": {
														"filters": {
															"test": "has_equipment",
															"domain": "head",
															"operator": "!=",
															"value": "minecraft:golden_helmet"
														},
														"event": "despawn_npc"
													}
												}
											]
										},
										"key": "interactions",
										"children": [
											{
												"open": [
													{
														"on_interact": {
															"filters": {
																"test": "has_equipment",
																"domain": "head",
																"operator": "!=",
																"value": "minecraft:golden_helmet"
															},
															"event": "despawn_npc"
														}
													}
												],
												"children": [
													{
														"open": {
															"on_interact": {
																"filters": {
																	"test": "has_equipment",
																	"domain": "head",
																	"operator": "!=",
																	"value": "minecraft:golden_helmet"
																},
																"event": "despawn_npc"
															}
														},
														"key": "on_interact",
														"children": [
															{
																"open": {
																	"filters": {
																		"test": "has_equipment",
																		"domain": "head",
																		"operator": "!=",
																		"value": "minecraft:golden_helmet"
																	},
																	"event": "despawn_npc"
																},
																"key": "filters",
																"is_minified": true,
																"children": {
																	"test": "has_equipment",
																	"domain": "head",
																	"operator": "!=",
																	"value": "minecraft:golden_helmet"
																}
															},
															{
																"open": {
																	"filters": {
																		"test": "has_equipment",
																		"domain": "head",
																		"operator": "!=",
																		"value": "minecraft:golden_helmet"
																	},
																	"event": "despawn_npc"
																},
																"data": "despawn_npc",
																"key": "event"
															}
														]
													}
												]
											}
										]
									}
								]
							}
						]
					},
					{
						"open": {
							"description": {
								"identifier": "minecraft:npc",
								"is_spawnable": true,
								"is_summonable": true,
								"is_experimental": false
							},
							"component_groups": {
								"despawn": {
									"minecraft:instant_despawn": {},
									"minecraft:entity_sensor": {},
									"minecraft:environment_sensor": {
										"triggers": {}
									}
								}
							},
							"components": {
								"minecraft:damage_sensor": {
									"triggers": {
										"cause": "all",
										"deals_damage": false
									}
								},
								"minecraft:type_family": {
									"family": [
										"npc",
										"mob"
									]
								},
								"minecraft:fire_immune": true,
								"minecraft:movement": {
									"value": 0.5
								},
								"minecraft:loot": {
									"table": "loot_tables/empty.json"
								},
								"minecraft:collision_box": {
									"width": 0.6,
									"height": 2.1
								},
								"minecraft:behavior.look_at_player": {
									"priority": 0,
									"look_distance": 6,
									"probability": 0.02
								},
								"minecraft:persistent": {},
								"minecraft:npc": {
									"npc_data": {
										"portrait_offsets": {
											"translate": [
												-7,
												50,
												0
											],
											"scale": [
												1.75,
												1.75,
												1.75
											]
										},
										"picker_offsets": {
											"translate": [
												0,
												20,
												0
											],
											"scale": [
												1.7,
												1.7,
												1.7
											]
										},
										"skin_list": [
											{
												"variant": 0
											},
											{
												"variant": 1
											},
											{
												"variant": 2
											},
											{
												"variant": 3
											},
											{
												"variant": 4
											},
											{
												"variant": 5
											},
											{
												"variant": 6
											},
											{
												"variant": 7
											},
											{
												"variant": 8
											},
											{
												"variant": 9
											},
											{
												"variant": 10
											},
											{
												"variant": 11
											},
											{
												"variant": 12
											},
											{
												"variant": 13
											},
											{
												"variant": 14
											},
											{
												"variant": 15
											},
											{
												"variant": 16
											},
											{
												"variant": 17
											},
											{
												"variant": 18
											},
											{
												"variant": 19
											}
										]
									}
								},
								"minecraft:nameable": {
									"always_show": true,
									"allow_name_tag_renaming": false
								},
								"minecraft:physics": {},
								"minecraft:conditional_bandwidth_optimization": {},
								"minecraft:interact": {
									"interactions": [
										{
											"on_interact": {
												"filters": {
													"test": "has_equipment",
													"domain": "head",
													"operator": "!=",
													"value": "minecraft:golden_helmet"
												},
												"event": "despawn_npc"
											}
										}
									]
								}
							},
							"events": {
								"minecraft:entity_spawned": {
									"execute": {
										"commands": [
											"/execute @p[r=3,tag=admin] ~~~ replaceitem entity @e[type=npc,r=3] slot.armor.head 0 golden_helmet",
											"/execute @p[r=3,tag=admin] ~~~ tag @e[type=npc,r=3] add listet"
										]
									}
								},
								"despawn_npc": {
									"execute": {
										"commands": [
											"/scoreboard players add @p npc_dead 1",
											"/kill @s[tag=!listet]"
										]
									}
								},
								"npc_dead": {
									"execute": {
										"commands": [
											"/scoreboard players add @p npc_dead 1"
										]
									}
								}
							}
						},
						"key": "events",
						"children": [
							{
								"open": {
									"minecraft:entity_spawned": {
										"execute": {
											"commands": [
												"/execute @p[r=3,tag=admin] ~~~ replaceitem entity @e[type=npc,r=3] slot.armor.head 0 golden_helmet",
												"/execute @p[r=3,tag=admin] ~~~ tag @e[type=npc,r=3] add listet"
											]
										}
									},
									"despawn_npc": {
										"execute": {
											"commands": [
												"/scoreboard players add @p npc_dead 1",
												"/kill @s[tag=!listet]"
											]
										}
									},
									"npc_dead": {
										"execute": {
											"commands": [
												"/scoreboard players add @p npc_dead 1"
											]
										}
									}
								},
								"key": "minecraft:entity_spawned",
								"children": [
									{
										"open": {
											"execute": {
												"commands": [
													"/execute @p[r=3,tag=admin] ~~~ replaceitem entity @e[type=npc,r=3] slot.armor.head 0 golden_helmet",
													"/execute @p[r=3,tag=admin] ~~~ tag @e[type=npc,r=3] add listet"
												]
											}
										},
										"key": "execute",
										"children": [
											{
												"open": {
													"commands": [
														"/execute @p[r=3,tag=admin] ~~~ replaceitem entity @e[type=npc,r=3] slot.armor.head 0 golden_helmet",
														"/execute @p[r=3,tag=admin] ~~~ tag @e[type=npc,r=3] add listet"
													]
												},
												"key": "commands",
												"is_minified": true,
												"children": [
													"/execute @p[r=3,tag=admin] ~~~ replaceitem entity @e[type=npc,r=3] slot.armor.head 0 golden_helmet",
													"/execute @p[r=3,tag=admin] ~~~ tag @e[type=npc,r=3] add listet"
												]
											}
										]
									}
								]
							},
							{
								"open": {
									"minecraft:entity_spawned": {
										"execute": {
											"commands": [
												"/execute @p[r=3,tag=admin] ~~~ replaceitem entity @e[type=npc,r=3] slot.armor.head 0 golden_helmet",
												"/execute @p[r=3,tag=admin] ~~~ tag @e[type=npc,r=3] add listet"
											]
										}
									},
									"despawn_npc": {
										"execute": {
											"commands": [
												"/scoreboard players add @p npc_dead 1",
												"/kill @s[tag=!listet]"
											]
										}
									},
									"npc_dead": {
										"execute": {
											"commands": [
												"/scoreboard players add @p npc_dead 1"
											]
										}
									}
								},
								"key": "despawn_npc",
								"children": [
									{
										"open": {
											"execute": {
												"commands": [
													"/scoreboard players add @p npc_dead 1",
													"/kill @s[tag=!listet]"
												]
											}
										},
										"key": "execute",
										"children": [
											{
												"open": {
													"commands": [
														"/scoreboard players add @p npc_dead 1",
														"/kill @s[tag=!listet]"
													]
												},
												"key": "commands",
												"is_minified": true,
												"children": [
													"/scoreboard players add @p npc_dead 1",
													"/kill @s[tag=!listet]"
												]
											}
										]
									}
								]
							},
							{
								"open": {
									"minecraft:entity_spawned": {
										"execute": {
											"commands": [
												"/execute @p[r=3,tag=admin] ~~~ replaceitem entity @e[type=npc,r=3] slot.armor.head 0 golden_helmet",
												"/execute @p[r=3,tag=admin] ~~~ tag @e[type=npc,r=3] add listet"
											]
										}
									},
									"despawn_npc": {
										"execute": {
											"commands": [
												"/scoreboard players add @p npc_dead 1",
												"/kill @s[tag=!listet]"
											]
										}
									},
									"npc_dead": {
										"execute": {
											"commands": [
												"/scoreboard players add @p npc_dead 1"
											]
										}
									}
								},
								"key": "npc_dead",
								"children": [
									{
										"open": {
											"execute": {
												"commands": [
													"/scoreboard players add @p npc_dead 1"
												]
											}
										},
										"key": "execute",
										"children": [
											{
												"open": {
													"commands": [
														"/scoreboard players add @p npc_dead 1"
													]
												},
												"key": "commands",
												"is_minified": true,
												"children": [
													"/scoreboard players add @p npc_dead 1"
												]
											}
										]
									}
								]
							}
						]
					}
				]
			}
		]
	}
}