{
	"file_path": "C:\\Users\\2007p\\AppData\\Local\\Packages\\Microsoft.MinecraftUWP_8wekyb3d8bbwe\\LocalState\\games\\com.mojang\\development_behavior_packs\\Dragon_Cb3\\entities\\phantom.json",
	"file_type": "entity",
	"format_version": 1,
	"file_uuid": "660855d3_6254_45b3_b1ec_e5ecee857431",
	"file_version": 1,
	"cache_content": {
		"children": [
			{
				"data": "1.16.0",
				"key": "format_version"
			},
			{
				"open": {
					"format_version": "1.16.0",
					"minecraft:entity": {
						"description": {
							"identifier": "minecraft:phantom",
							"is_spawnable": true,
							"is_summonable": true,
							"is_experimental": false
						},
						"component_groups": {
							"despawn": {
								"minecraft:instant_despawn": {}
							}
						},
						"components": {
							"minecraft:is_hidden_when_invisible": {},
							"minecraft:experience_reward": {
								"on_death": "query.last_hit_by_player ? 5 : 0"
							},
							"minecraft:type_family": {
								"family": [
									"phantom",
									"undead",
									"monster",
									"mob"
								]
							},
							"minecraft:loot": {
								"table": "loot_tables/entities/phantom.json"
							},
							"minecraft:nameable": {},
							"minecraft:health": {
								"value": 20,
								"max": 20
							},
							"minecraft:hurt_on_condition": {
								"damage_conditions": [
									{
										"filters": {
											"test": "in_lava",
											"subject": "self",
											"operator": "==",
											"value": true
										},
										"cause": "lava",
										"damage_per_tick": 4
									}
								]
							},
							"minecraft:physics": {
								"has_gravity": false
							},
							"minecraft:pushable": {
								"is_pushable": true,
								"is_pushable_by_piston": true
							},
							"minecraft:conditional_bandwidth_optimization": {},
							"minecraft:attack": {
								"damage": 6
							},
							"minecraft:breathable": {
								"total_supply": 15,
								"suffocate_time": 0,
								"breathes_air": true,
								"breathes_water": false
							},
							"minecraft:collision_box": {
								"width": 0.9,
								"height": 0.5
							},
							"minecraft:movement": {
								"value": 1.8
							},
							"minecraft:movement.glide": {
								"start_speed": 0.1,
								"speed_when_turning": 0.2
							},
							"minecraft:burns_in_daylight": {},
							"minecraft:follow_range": {
								"value": 64,
								"max": 64
							},
							"minecraft:despawn": {
								"despawn_from_distance": {}
							},
							"minecraft:behavior.avoid_mob_type": {
								"priority": 0,
								"max_dist": 16,
								"ignore_visibility": true,
								"entity_types": [
									{
										"filters": {
											"any_of": [
												{
													"test": "is_family",
													"subject": "other",
													"value": "ocelot"
												},
												{
													"test": "is_family",
													"subject": "other",
													"value": "cat"
												}
											]
										},
										"max_dist": 16
									}
								]
							},
							"minecraft:behavior.nearest_attackable_target": {
								"priority": 1,
								"reselect_targets": true,
								"scan_interval": 20,
								"within_radius": 64,
								"must_see_forget_duration": 0.5,
								"target_search_height": 80,
								"entity_types": [
									{
										"filters": {
											"test": "is_family",
											"subject": "other",
											"value": "player"
										},
										"max_dist": 64
									}
								]
							},
							"minecraft:behavior.swoop_attack": {
								"priority": 2,
								"damage_reach": 0.2,
								"speed_multiplier": 1,
								"delay_range": [
									10,
									20
								]
							},
							"minecraft:behavior.circle_around_anchor": {
								"priority": 3,
								"radius_change": 1,
								"radius_adjustment_chance": 0.004,
								"height_adjustment_chance": 0.002857,
								"goal_radius": 1,
								"angle_change": 15,
								"radius_range": [
									5,
									15
								],
								"height_offset_range": [
									-4,
									5
								],
								"height_above_target_range": [
									20,
									40
								]
							}
						},
						"events": {
							"despawn_all_mobs": {
								"add": {
									"component_groups": [
										"despawn"
									]
								}
							},
							"despawn_phantom": {
								"add": {
									"component_groups": [
										"despawn"
									]
								}
							}
						}
					}
				},
				"key": "minecraft:entity",
				"children": [
					{
						"open": {
							"description": {
								"identifier": "minecraft:phantom",
								"is_spawnable": true,
								"is_summonable": true,
								"is_experimental": false
							},
							"component_groups": {
								"despawn": {
									"minecraft:instant_despawn": {}
								}
							},
							"components": {
								"minecraft:is_hidden_when_invisible": {},
								"minecraft:experience_reward": {
									"on_death": "query.last_hit_by_player ? 5 : 0"
								},
								"minecraft:type_family": {
									"family": [
										"phantom",
										"undead",
										"monster",
										"mob"
									]
								},
								"minecraft:loot": {
									"table": "loot_tables/entities/phantom.json"
								},
								"minecraft:nameable": {},
								"minecraft:health": {
									"value": 20,
									"max": 20
								},
								"minecraft:hurt_on_condition": {
									"damage_conditions": [
										{
											"filters": {
												"test": "in_lava",
												"subject": "self",
												"operator": "==",
												"value": true
											},
											"cause": "lava",
											"damage_per_tick": 4
										}
									]
								},
								"minecraft:physics": {
									"has_gravity": false
								},
								"minecraft:pushable": {
									"is_pushable": true,
									"is_pushable_by_piston": true
								},
								"minecraft:conditional_bandwidth_optimization": {},
								"minecraft:attack": {
									"damage": 6
								},
								"minecraft:breathable": {
									"total_supply": 15,
									"suffocate_time": 0,
									"breathes_air": true,
									"breathes_water": false
								},
								"minecraft:collision_box": {
									"width": 0.9,
									"height": 0.5
								},
								"minecraft:movement": {
									"value": 1.8
								},
								"minecraft:movement.glide": {
									"start_speed": 0.1,
									"speed_when_turning": 0.2
								},
								"minecraft:burns_in_daylight": {},
								"minecraft:follow_range": {
									"value": 64,
									"max": 64
								},
								"minecraft:despawn": {
									"despawn_from_distance": {}
								},
								"minecraft:behavior.avoid_mob_type": {
									"priority": 0,
									"max_dist": 16,
									"ignore_visibility": true,
									"entity_types": [
										{
											"filters": {
												"any_of": [
													{
														"test": "is_family",
														"subject": "other",
														"value": "ocelot"
													},
													{
														"test": "is_family",
														"subject": "other",
														"value": "cat"
													}
												]
											},
											"max_dist": 16
										}
									]
								},
								"minecraft:behavior.nearest_attackable_target": {
									"priority": 1,
									"reselect_targets": true,
									"scan_interval": 20,
									"within_radius": 64,
									"must_see_forget_duration": 0.5,
									"target_search_height": 80,
									"entity_types": [
										{
											"filters": {
												"test": "is_family",
												"subject": "other",
												"value": "player"
											},
											"max_dist": 64
										}
									]
								},
								"minecraft:behavior.swoop_attack": {
									"priority": 2,
									"damage_reach": 0.2,
									"speed_multiplier": 1,
									"delay_range": [
										10,
										20
									]
								},
								"minecraft:behavior.circle_around_anchor": {
									"priority": 3,
									"radius_change": 1,
									"radius_adjustment_chance": 0.004,
									"height_adjustment_chance": 0.002857,
									"goal_radius": 1,
									"angle_change": 15,
									"radius_range": [
										5,
										15
									],
									"height_offset_range": [
										-4,
										5
									],
									"height_above_target_range": [
										20,
										40
									]
								}
							},
							"events": {
								"despawn_all_mobs": {
									"add": {
										"component_groups": [
											"despawn"
										]
									}
								},
								"despawn_phantom": {
									"add": {
										"component_groups": [
											"despawn"
										]
									}
								}
							}
						},
						"key": "description",
						"is_minified": true,
						"children": {
							"identifier": "minecraft:phantom",
							"is_spawnable": true,
							"is_summonable": true,
							"is_experimental": false
						}
					},
					{
						"open": {
							"description": {
								"identifier": "minecraft:phantom",
								"is_spawnable": true,
								"is_summonable": true,
								"is_experimental": false
							},
							"component_groups": {
								"despawn": {
									"minecraft:instant_despawn": {}
								}
							},
							"components": {
								"minecraft:is_hidden_when_invisible": {},
								"minecraft:experience_reward": {
									"on_death": "query.last_hit_by_player ? 5 : 0"
								},
								"minecraft:type_family": {
									"family": [
										"phantom",
										"undead",
										"monster",
										"mob"
									]
								},
								"minecraft:loot": {
									"table": "loot_tables/entities/phantom.json"
								},
								"minecraft:nameable": {},
								"minecraft:health": {
									"value": 20,
									"max": 20
								},
								"minecraft:hurt_on_condition": {
									"damage_conditions": [
										{
											"filters": {
												"test": "in_lava",
												"subject": "self",
												"operator": "==",
												"value": true
											},
											"cause": "lava",
											"damage_per_tick": 4
										}
									]
								},
								"minecraft:physics": {
									"has_gravity": false
								},
								"minecraft:pushable": {
									"is_pushable": true,
									"is_pushable_by_piston": true
								},
								"minecraft:conditional_bandwidth_optimization": {},
								"minecraft:attack": {
									"damage": 6
								},
								"minecraft:breathable": {
									"total_supply": 15,
									"suffocate_time": 0,
									"breathes_air": true,
									"breathes_water": false
								},
								"minecraft:collision_box": {
									"width": 0.9,
									"height": 0.5
								},
								"minecraft:movement": {
									"value": 1.8
								},
								"minecraft:movement.glide": {
									"start_speed": 0.1,
									"speed_when_turning": 0.2
								},
								"minecraft:burns_in_daylight": {},
								"minecraft:follow_range": {
									"value": 64,
									"max": 64
								},
								"minecraft:despawn": {
									"despawn_from_distance": {}
								},
								"minecraft:behavior.avoid_mob_type": {
									"priority": 0,
									"max_dist": 16,
									"ignore_visibility": true,
									"entity_types": [
										{
											"filters": {
												"any_of": [
													{
														"test": "is_family",
														"subject": "other",
														"value": "ocelot"
													},
													{
														"test": "is_family",
														"subject": "other",
														"value": "cat"
													}
												]
											},
											"max_dist": 16
										}
									]
								},
								"minecraft:behavior.nearest_attackable_target": {
									"priority": 1,
									"reselect_targets": true,
									"scan_interval": 20,
									"within_radius": 64,
									"must_see_forget_duration": 0.5,
									"target_search_height": 80,
									"entity_types": [
										{
											"filters": {
												"test": "is_family",
												"subject": "other",
												"value": "player"
											},
											"max_dist": 64
										}
									]
								},
								"minecraft:behavior.swoop_attack": {
									"priority": 2,
									"damage_reach": 0.2,
									"speed_multiplier": 1,
									"delay_range": [
										10,
										20
									]
								},
								"minecraft:behavior.circle_around_anchor": {
									"priority": 3,
									"radius_change": 1,
									"radius_adjustment_chance": 0.004,
									"height_adjustment_chance": 0.002857,
									"goal_radius": 1,
									"angle_change": 15,
									"radius_range": [
										5,
										15
									],
									"height_offset_range": [
										-4,
										5
									],
									"height_above_target_range": [
										20,
										40
									]
								}
							},
							"events": {
								"despawn_all_mobs": {
									"add": {
										"component_groups": [
											"despawn"
										]
									}
								},
								"despawn_phantom": {
									"add": {
										"component_groups": [
											"despawn"
										]
									}
								}
							}
						},
						"key": "component_groups",
						"children": [
							{
								"open": {
									"despawn": {
										"minecraft:instant_despawn": {}
									}
								},
								"key": "despawn",
								"is_minified": true,
								"children": {
									"minecraft:instant_despawn": {}
								}
							}
						]
					},
					{
						"open": {
							"description": {
								"identifier": "minecraft:phantom",
								"is_spawnable": true,
								"is_summonable": true,
								"is_experimental": false
							},
							"component_groups": {
								"despawn": {
									"minecraft:instant_despawn": {}
								}
							},
							"components": {
								"minecraft:is_hidden_when_invisible": {},
								"minecraft:experience_reward": {
									"on_death": "query.last_hit_by_player ? 5 : 0"
								},
								"minecraft:type_family": {
									"family": [
										"phantom",
										"undead",
										"monster",
										"mob"
									]
								},
								"minecraft:loot": {
									"table": "loot_tables/entities/phantom.json"
								},
								"minecraft:nameable": {},
								"minecraft:health": {
									"value": 20,
									"max": 20
								},
								"minecraft:hurt_on_condition": {
									"damage_conditions": [
										{
											"filters": {
												"test": "in_lava",
												"subject": "self",
												"operator": "==",
												"value": true
											},
											"cause": "lava",
											"damage_per_tick": 4
										}
									]
								},
								"minecraft:physics": {
									"has_gravity": false
								},
								"minecraft:pushable": {
									"is_pushable": true,
									"is_pushable_by_piston": true
								},
								"minecraft:conditional_bandwidth_optimization": {},
								"minecraft:attack": {
									"damage": 6
								},
								"minecraft:breathable": {
									"total_supply": 15,
									"suffocate_time": 0,
									"breathes_air": true,
									"breathes_water": false
								},
								"minecraft:collision_box": {
									"width": 0.9,
									"height": 0.5
								},
								"minecraft:movement": {
									"value": 1.8
								},
								"minecraft:movement.glide": {
									"start_speed": 0.1,
									"speed_when_turning": 0.2
								},
								"minecraft:burns_in_daylight": {},
								"minecraft:follow_range": {
									"value": 64,
									"max": 64
								},
								"minecraft:despawn": {
									"despawn_from_distance": {}
								},
								"minecraft:behavior.avoid_mob_type": {
									"priority": 0,
									"max_dist": 16,
									"ignore_visibility": true,
									"entity_types": [
										{
											"filters": {
												"any_of": [
													{
														"test": "is_family",
														"subject": "other",
														"value": "ocelot"
													},
													{
														"test": "is_family",
														"subject": "other",
														"value": "cat"
													}
												]
											},
											"max_dist": 16
										}
									]
								},
								"minecraft:behavior.nearest_attackable_target": {
									"priority": 1,
									"reselect_targets": true,
									"scan_interval": 20,
									"within_radius": 64,
									"must_see_forget_duration": 0.5,
									"target_search_height": 80,
									"entity_types": [
										{
											"filters": {
												"test": "is_family",
												"subject": "other",
												"value": "player"
											},
											"max_dist": 64
										}
									]
								},
								"minecraft:behavior.swoop_attack": {
									"priority": 2,
									"damage_reach": 0.2,
									"speed_multiplier": 1,
									"delay_range": [
										10,
										20
									]
								},
								"minecraft:behavior.circle_around_anchor": {
									"priority": 3,
									"radius_change": 1,
									"radius_adjustment_chance": 0.004,
									"height_adjustment_chance": 0.002857,
									"goal_radius": 1,
									"angle_change": 15,
									"radius_range": [
										5,
										15
									],
									"height_offset_range": [
										-4,
										5
									],
									"height_above_target_range": [
										20,
										40
									]
								}
							},
							"events": {
								"despawn_all_mobs": {
									"add": {
										"component_groups": [
											"despawn"
										]
									}
								},
								"despawn_phantom": {
									"add": {
										"component_groups": [
											"despawn"
										]
									}
								}
							}
						},
						"key": "components",
						"is_minified": true,
						"children": {
							"minecraft:is_hidden_when_invisible": {},
							"minecraft:experience_reward": {
								"on_death": "query.last_hit_by_player ? 5 : 0"
							},
							"minecraft:type_family": {
								"family": [
									"phantom",
									"undead",
									"monster",
									"mob"
								]
							},
							"minecraft:loot": {
								"table": "loot_tables/entities/phantom.json"
							},
							"minecraft:nameable": {},
							"minecraft:health": {
								"value": 20,
								"max": 20
							},
							"minecraft:hurt_on_condition": {
								"damage_conditions": [
									{
										"filters": {
											"test": "in_lava",
											"subject": "self",
											"operator": "==",
											"value": true
										},
										"cause": "lava",
										"damage_per_tick": 4
									}
								]
							},
							"minecraft:physics": {
								"has_gravity": false
							},
							"minecraft:pushable": {
								"is_pushable": true,
								"is_pushable_by_piston": true
							},
							"minecraft:conditional_bandwidth_optimization": {},
							"minecraft:attack": {
								"damage": 6
							},
							"minecraft:breathable": {
								"total_supply": 15,
								"suffocate_time": 0,
								"breathes_air": true,
								"breathes_water": false
							},
							"minecraft:collision_box": {
								"width": 0.9,
								"height": 0.5
							},
							"minecraft:movement": {
								"value": 1.8
							},
							"minecraft:movement.glide": {
								"start_speed": 0.1,
								"speed_when_turning": 0.2
							},
							"minecraft:burns_in_daylight": {},
							"minecraft:follow_range": {
								"value": 64,
								"max": 64
							},
							"minecraft:despawn": {
								"despawn_from_distance": {}
							},
							"minecraft:behavior.avoid_mob_type": {
								"priority": 0,
								"max_dist": 16,
								"ignore_visibility": true,
								"entity_types": [
									{
										"filters": {
											"any_of": [
												{
													"test": "is_family",
													"subject": "other",
													"value": "ocelot"
												},
												{
													"test": "is_family",
													"subject": "other",
													"value": "cat"
												}
											]
										},
										"max_dist": 16
									}
								]
							},
							"minecraft:behavior.nearest_attackable_target": {
								"priority": 1,
								"reselect_targets": true,
								"scan_interval": 20,
								"within_radius": 64,
								"must_see_forget_duration": 0.5,
								"target_search_height": 80,
								"entity_types": [
									{
										"filters": {
											"test": "is_family",
											"subject": "other",
											"value": "player"
										},
										"max_dist": 64
									}
								]
							},
							"minecraft:behavior.swoop_attack": {
								"priority": 2,
								"damage_reach": 0.2,
								"speed_multiplier": 1,
								"delay_range": [
									10,
									20
								]
							},
							"minecraft:behavior.circle_around_anchor": {
								"priority": 3,
								"radius_change": 1,
								"radius_adjustment_chance": 0.004,
								"height_adjustment_chance": 0.002857,
								"goal_radius": 1,
								"angle_change": 15,
								"radius_range": [
									5,
									15
								],
								"height_offset_range": [
									-4,
									5
								],
								"height_above_target_range": [
									20,
									40
								]
							}
						}
					},
					{
						"open": {
							"description": {
								"identifier": "minecraft:phantom",
								"is_spawnable": true,
								"is_summonable": true,
								"is_experimental": false
							},
							"component_groups": {
								"despawn": {
									"minecraft:instant_despawn": {}
								}
							},
							"components": {
								"minecraft:is_hidden_when_invisible": {},
								"minecraft:experience_reward": {
									"on_death": "query.last_hit_by_player ? 5 : 0"
								},
								"minecraft:type_family": {
									"family": [
										"phantom",
										"undead",
										"monster",
										"mob"
									]
								},
								"minecraft:loot": {
									"table": "loot_tables/entities/phantom.json"
								},
								"minecraft:nameable": {},
								"minecraft:health": {
									"value": 20,
									"max": 20
								},
								"minecraft:hurt_on_condition": {
									"damage_conditions": [
										{
											"filters": {
												"test": "in_lava",
												"subject": "self",
												"operator": "==",
												"value": true
											},
											"cause": "lava",
											"damage_per_tick": 4
										}
									]
								},
								"minecraft:physics": {
									"has_gravity": false
								},
								"minecraft:pushable": {
									"is_pushable": true,
									"is_pushable_by_piston": true
								},
								"minecraft:conditional_bandwidth_optimization": {},
								"minecraft:attack": {
									"damage": 6
								},
								"minecraft:breathable": {
									"total_supply": 15,
									"suffocate_time": 0,
									"breathes_air": true,
									"breathes_water": false
								},
								"minecraft:collision_box": {
									"width": 0.9,
									"height": 0.5
								},
								"minecraft:movement": {
									"value": 1.8
								},
								"minecraft:movement.glide": {
									"start_speed": 0.1,
									"speed_when_turning": 0.2
								},
								"minecraft:burns_in_daylight": {},
								"minecraft:follow_range": {
									"value": 64,
									"max": 64
								},
								"minecraft:despawn": {
									"despawn_from_distance": {}
								},
								"minecraft:behavior.avoid_mob_type": {
									"priority": 0,
									"max_dist": 16,
									"ignore_visibility": true,
									"entity_types": [
										{
											"filters": {
												"any_of": [
													{
														"test": "is_family",
														"subject": "other",
														"value": "ocelot"
													},
													{
														"test": "is_family",
														"subject": "other",
														"value": "cat"
													}
												]
											},
											"max_dist": 16
										}
									]
								},
								"minecraft:behavior.nearest_attackable_target": {
									"priority": 1,
									"reselect_targets": true,
									"scan_interval": 20,
									"within_radius": 64,
									"must_see_forget_duration": 0.5,
									"target_search_height": 80,
									"entity_types": [
										{
											"filters": {
												"test": "is_family",
												"subject": "other",
												"value": "player"
											},
											"max_dist": 64
										}
									]
								},
								"minecraft:behavior.swoop_attack": {
									"priority": 2,
									"damage_reach": 0.2,
									"speed_multiplier": 1,
									"delay_range": [
										10,
										20
									]
								},
								"minecraft:behavior.circle_around_anchor": {
									"priority": 3,
									"radius_change": 1,
									"radius_adjustment_chance": 0.004,
									"height_adjustment_chance": 0.002857,
									"goal_radius": 1,
									"angle_change": 15,
									"radius_range": [
										5,
										15
									],
									"height_offset_range": [
										-4,
										5
									],
									"height_above_target_range": [
										20,
										40
									]
								}
							},
							"events": {
								"despawn_all_mobs": {
									"add": {
										"component_groups": [
											"despawn"
										]
									}
								},
								"despawn_phantom": {
									"add": {
										"component_groups": [
											"despawn"
										]
									}
								}
							}
						},
						"key": "events",
						"children": [
							{
								"open": {
									"despawn_all_mobs": {
										"add": {
											"component_groups": [
												"despawn"
											]
										}
									},
									"despawn_phantom": {
										"add": {
											"component_groups": [
												"despawn"
											]
										}
									}
								},
								"key": "despawn_all_mobs",
								"children": [
									{
										"open": {
											"add": {
												"component_groups": [
													"despawn"
												]
											}
										},
										"key": "add",
										"children": [
											{
												"open": {
													"component_groups": [
														"despawn"
													]
												},
												"key": "component_groups",
												"is_minified": true,
												"children": [
													"despawn"
												]
											}
										]
									}
								]
							},
							{
								"open": {
									"despawn_all_mobs": {
										"add": {
											"component_groups": [
												"despawn"
											]
										}
									},
									"despawn_phantom": {
										"add": {
											"component_groups": [
												"despawn"
											]
										}
									}
								},
								"key": "despawn_phantom",
								"is_minified": true,
								"children": {
									"add": {
										"component_groups": [
											"despawn"
										]
									}
								}
							}
						]
					}
				]
			}
		]
	}
}