{
	"file_path": "C:\\Users\\2007p\\AppData\\Local\\Packages\\Microsoft.MinecraftUWP_8wekyb3d8bbwe\\LocalState\\games\\com.mojang\\development_behavior_packs\\Dragon_Cb3\\entities\\Slime.json",
	"file_type": "entity",
	"format_version": 1,
	"file_uuid": "4ac942d1_928f_4f02_b7ae_86fc79e4629a",
	"file_version": 3,
	"cache_content": {
		"children": [
			{
				"data": "1.16.0",
				"key": "format_version"
			},
			{
				"open": {
					"format_version": "1.16.0",
					"minecraft:entity": {
						"description": {
							"identifier": "minecraft:slime",
							"is_spawnable": true,
							"is_summonable": true,
							"is_experimental": false
						},
						"component_groups": {
							"minecraft:slime_large": {
								"minecraft:collision_box": {
									"width": 2.08,
									"height": 2.08
								},
								"minecraft:health": {
									"value": 16,
									"max": 16
								},
								"minecraft:movement": {
									"value": 0.6
								},
								"minecraft:attack": {
									"damage": 4
								}
							},
							"minecraft:slime_medium": {
								"minecraft:collision_box": {
									"width": 1.04,
									"height": 1.04
								},
								"minecraft:health": {
									"value": 4,
									"max": 4
								},
								"minecraft:movement": {
									"value": 0.4
								},
								"minecraft:attack": {
									"damage": 2
								}
							},
							"minecraft:slime_small": {
								"minecraft:collision_box": {
									"width": 0.52,
									"height": 0.52
								},
								"minecraft:health": {
									"value": 1,
									"max": 1
								},
								"minecraft:movement": {
									"value": 0.3
								},
								"minecraft:attack": {
									"damage": 0
								},
								"minecraft:loot": {
									"table": "loot_tables/entities/slime.json"
								}
							},
							"minecraft:slime_calm": {
								"minecraft:movement.jump": {
									"jump_delay": [
										0.5,
										1.5
									]
								}
							},
							"minecraft:slime_aggressive": {
								"minecraft:movement.jump": {
									"jump_delay": [
										0.16,
										0.5
									]
								}
							},
							"despawn": {
								"minecraft:instant_despawn": {}
							}
						},
						"components": {
							"minecraft:is_hidden_when_invisible": {},
							"minecraft:experience_reward": {
								"on_death": "query.last_hit_by_player ? query.variant : 0"
							},
							"minecraft:type_family": {
								"family": [
									"slime",
									"monster",
									"mob"
								]
							},
							"minecraft:breathable": {
								"total_supply": 15,
								"suffocate_time": 0
							},
							"minecraft:navigation.walk": {
								"can_path_over_water": true,
								"avoid_water": true
							},
							"minecraft:jump.static": {},
							"minecraft:can_climb": {},
							"minecraft:hurt_on_condition": {
								"damage_conditions": [
									{
										"filters": {
											"test": "in_lava",
											"subject": "self",
											"operator": "==",
											"value": true
										},
										"cause": "lava",
										"damage_per_tick": 4
									}
								]
							},
							"minecraft:movement.jump": {
								"jump_delay": [
									0.5,
									1.5
								]
							},
							"minecraft:on_target_acquired": {
								"event": "minecraft:become_aggressive",
								"target": "self"
							},
							"minecraft:on_target_escape": {
								"event": "minecraft:become_calm",
								"target": "self"
							},
							"minecraft:nameable": {},
							"minecraft:despawn": {
								"despawn_from_distance": {}
							},
							"minecraft:behavior.slime_float": {
								"priority": 1,
								"jump_chance_percentage": 0.8,
								"speed_multiplier": 1.2
							},
							"minecraft:behavior.slime_attack": {
								"priority": 3
							},
							"minecraft:behavior.slime_random_direction": {
								"priority": 4,
								"add_random_time_range": 3,
								"turn_range": 360,
								"min_change_direction_time": 2
							},
							"minecraft:behavior.slime_keep_on_jumping": {
								"priority": 5,
								"speed_multiplier": 1
							},
							"minecraft:behavior.nearest_attackable_target": {
								"priority": 2,
								"entity_types": [
									{
										"filters": {
											"any_of": [
												{
													"test": "is_family",
													"subject": "other",
													"value": "player"
												},
												{
													"test": "is_family",
													"subject": "other",
													"value": "snowgolem"
												},
												{
													"test": "is_family",
													"subject": "other",
													"value": "irongolem"
												}
											]
										},
										"max_dist": 16
									}
								],
								"must_see": true
							},
							"minecraft:physics": {},
							"minecraft:pushable": {
								"is_pushable": true,
								"is_pushable_by_piston": true
							},
							"minecraft:conditional_bandwidth_optimization": {},
							"minecraft:loot": {
								"table": "loot_tables/entities/slime.json"
							}
						},
						"events": {
							"minecraft:entity_spawned": {
								"add": {
									"component_groups": [
										"minecraft:slime_calm"
									]
								}
							},
							"minecraft:become_calm": {
								"add": {
									"component_groups": [
										"minecraft:slime_calm"
									]
								}
							},
							"minecraft:become_aggressive": {
								"add": {
									"component_groups": [
										"minecraft:slime_aggressive"
									]
								}
							},
							"despawn_all_mobs": {
								"add": {
									"component_groups": [
										"despawn"
									]
								}
							},
							"despawn_slime": {
								"add": {
									"component_groups": [
										"despawn"
									]
								}
							}
						}
					}
				},
				"key": "minecraft:entity",
				"children": [
					{
						"key": "description",
						"is_minified": true,
						"children": {
							"identifier": "minecraft:slime",
							"is_spawnable": true,
							"is_summonable": true,
							"is_experimental": false
						}
					},
					{
						"open": {
							"description": {
								"identifier": "minecraft:slime",
								"is_spawnable": true,
								"is_summonable": true,
								"is_experimental": false
							},
							"component_groups": {
								"minecraft:slime_large": {
									"minecraft:collision_box": {
										"width": 2.08,
										"height": 2.08
									},
									"minecraft:health": {
										"value": 16,
										"max": 16
									},
									"minecraft:movement": {
										"value": 0.6
									},
									"minecraft:attack": {
										"damage": 4
									}
								},
								"minecraft:slime_medium": {
									"minecraft:collision_box": {
										"width": 1.04,
										"height": 1.04
									},
									"minecraft:health": {
										"value": 4,
										"max": 4
									},
									"minecraft:movement": {
										"value": 0.4
									},
									"minecraft:attack": {
										"damage": 2
									}
								},
								"minecraft:slime_small": {
									"minecraft:collision_box": {
										"width": 0.52,
										"height": 0.52
									},
									"minecraft:health": {
										"value": 1,
										"max": 1
									},
									"minecraft:movement": {
										"value": 0.3
									},
									"minecraft:attack": {
										"damage": 0
									},
									"minecraft:loot": {
										"table": "loot_tables/entities/slime.json"
									}
								},
								"minecraft:slime_calm": {
									"minecraft:movement.jump": {
										"jump_delay": [
											0.5,
											1.5
										]
									}
								},
								"minecraft:slime_aggressive": {
									"minecraft:movement.jump": {
										"jump_delay": [
											0.16,
											0.5
										]
									}
								},
								"despawn": {
									"minecraft:instant_despawn": {}
								}
							},
							"components": {
								"minecraft:is_hidden_when_invisible": {},
								"minecraft:experience_reward": {
									"on_death": "query.last_hit_by_player ? query.variant : 0"
								},
								"minecraft:type_family": {
									"family": [
										"slime",
										"monster",
										"mob"
									]
								},
								"minecraft:breathable": {
									"total_supply": 15,
									"suffocate_time": 0
								},
								"minecraft:navigation.walk": {
									"can_path_over_water": true,
									"avoid_water": true
								},
								"minecraft:jump.static": {},
								"minecraft:can_climb": {},
								"minecraft:hurt_on_condition": {
									"damage_conditions": [
										{
											"filters": {
												"test": "in_lava",
												"subject": "self",
												"operator": "==",
												"value": true
											},
											"cause": "lava",
											"damage_per_tick": 4
										}
									]
								},
								"minecraft:movement.jump": {
									"jump_delay": [
										0.5,
										1.5
									]
								},
								"minecraft:on_target_acquired": {
									"event": "minecraft:become_aggressive",
									"target": "self"
								},
								"minecraft:on_target_escape": {
									"event": "minecraft:become_calm",
									"target": "self"
								},
								"minecraft:nameable": {},
								"minecraft:despawn": {
									"despawn_from_distance": {}
								},
								"minecraft:behavior.slime_float": {
									"priority": 1,
									"jump_chance_percentage": 0.8,
									"speed_multiplier": 1.2
								},
								"minecraft:behavior.slime_attack": {
									"priority": 3
								},
								"minecraft:behavior.slime_random_direction": {
									"priority": 4,
									"add_random_time_range": 3,
									"turn_range": 360,
									"min_change_direction_time": 2
								},
								"minecraft:behavior.slime_keep_on_jumping": {
									"priority": 5,
									"speed_multiplier": 1
								},
								"minecraft:behavior.nearest_attackable_target": {
									"priority": 2,
									"entity_types": [
										{
											"filters": {
												"any_of": [
													{
														"test": "is_family",
														"subject": "other",
														"value": "player"
													},
													{
														"test": "is_family",
														"subject": "other",
														"value": "snowgolem"
													},
													{
														"test": "is_family",
														"subject": "other",
														"value": "irongolem"
													}
												]
											},
											"max_dist": 16
										}
									],
									"must_see": true
								},
								"minecraft:physics": {},
								"minecraft:pushable": {
									"is_pushable": true,
									"is_pushable_by_piston": true
								},
								"minecraft:conditional_bandwidth_optimization": {},
								"minecraft:loot": {
									"table": "loot_tables/entities/slime.json"
								}
							},
							"events": {
								"minecraft:entity_spawned": {
									"add": {
										"component_groups": [
											"minecraft:slime_calm"
										]
									}
								},
								"minecraft:become_calm": {
									"add": {
										"component_groups": [
											"minecraft:slime_calm"
										]
									}
								},
								"minecraft:become_aggressive": {
									"add": {
										"component_groups": [
											"minecraft:slime_aggressive"
										]
									}
								},
								"despawn_all_mobs": {
									"add": {
										"component_groups": [
											"despawn"
										]
									}
								},
								"despawn_slime": {
									"add": {
										"component_groups": [
											"despawn"
										]
									}
								}
							}
						},
						"key": "component_groups",
						"children": [
							{
								"key": "minecraft:slime_large",
								"is_minified": true,
								"children": {
									"minecraft:collision_box": {
										"width": 2.08,
										"height": 2.08
									},
									"minecraft:health": {
										"value": 16,
										"max": 16
									},
									"minecraft:movement": {
										"value": 0.6
									},
									"minecraft:attack": {
										"damage": 4
									}
								}
							},
							{
								"key": "minecraft:slime_medium",
								"is_minified": true,
								"children": {
									"minecraft:collision_box": {
										"width": 1.04,
										"height": 1.04
									},
									"minecraft:health": {
										"value": 4,
										"max": 4
									},
									"minecraft:movement": {
										"value": 0.4
									},
									"minecraft:attack": {
										"damage": 2
									}
								}
							},
							{
								"key": "minecraft:slime_small",
								"is_minified": true,
								"children": {
									"minecraft:collision_box": {
										"width": 0.52,
										"height": 0.52
									},
									"minecraft:health": {
										"value": 1,
										"max": 1
									},
									"minecraft:movement": {
										"value": 0.3
									},
									"minecraft:attack": {
										"damage": 0
									},
									"minecraft:loot": {
										"table": "loot_tables/entities/slime.json"
									}
								}
							},
							{
								"key": "minecraft:slime_calm",
								"is_minified": true,
								"children": {
									"minecraft:movement.jump": {
										"jump_delay": [
											0.5,
											1.5
										]
									}
								}
							},
							{
								"key": "minecraft:slime_aggressive",
								"is_minified": true,
								"children": {
									"minecraft:movement.jump": {
										"jump_delay": [
											0.16,
											0.5
										]
									}
								}
							},
							{
								"open": {
									"minecraft:slime_large": {
										"minecraft:collision_box": {
											"width": 2.08,
											"height": 2.08
										},
										"minecraft:health": {
											"value": 16,
											"max": 16
										},
										"minecraft:movement": {
											"value": 0.6
										},
										"minecraft:attack": {
											"damage": 4
										}
									},
									"minecraft:slime_medium": {
										"minecraft:collision_box": {
											"width": 1.04,
											"height": 1.04
										},
										"minecraft:health": {
											"value": 4,
											"max": 4
										},
										"minecraft:movement": {
											"value": 0.4
										},
										"minecraft:attack": {
											"damage": 2
										}
									},
									"minecraft:slime_small": {
										"minecraft:collision_box": {
											"width": 0.52,
											"height": 0.52
										},
										"minecraft:health": {
											"value": 1,
											"max": 1
										},
										"minecraft:movement": {
											"value": 0.3
										},
										"minecraft:attack": {
											"damage": 0
										},
										"minecraft:loot": {
											"table": "loot_tables/entities/slime.json"
										}
									},
									"minecraft:slime_calm": {
										"minecraft:movement.jump": {
											"jump_delay": [
												0.5,
												1.5
											]
										}
									},
									"minecraft:slime_aggressive": {
										"minecraft:movement.jump": {
											"jump_delay": [
												0.16,
												0.5
											]
										}
									},
									"despawn": {
										"minecraft:instant_despawn": {}
									}
								},
								"key": "despawn",
								"is_minified": true,
								"children": {
									"minecraft:instant_despawn": {}
								}
							}
						]
					},
					{
						"open": {
							"description": {
								"identifier": "minecraft:slime",
								"is_spawnable": true,
								"is_summonable": true,
								"is_experimental": false
							},
							"component_groups": {
								"minecraft:slime_large": {
									"minecraft:collision_box": {
										"width": 2.08,
										"height": 2.08
									},
									"minecraft:health": {
										"value": 16,
										"max": 16
									},
									"minecraft:movement": {
										"value": 0.6
									},
									"minecraft:attack": {
										"damage": 4
									}
								},
								"minecraft:slime_medium": {
									"minecraft:collision_box": {
										"width": 1.04,
										"height": 1.04
									},
									"minecraft:health": {
										"value": 4,
										"max": 4
									},
									"minecraft:movement": {
										"value": 0.4
									},
									"minecraft:attack": {
										"damage": 2
									}
								},
								"minecraft:slime_small": {
									"minecraft:collision_box": {
										"width": 0.52,
										"height": 0.52
									},
									"minecraft:health": {
										"value": 1,
										"max": 1
									},
									"minecraft:movement": {
										"value": 0.3
									},
									"minecraft:attack": {
										"damage": 0
									},
									"minecraft:loot": {
										"table": "loot_tables/entities/slime.json"
									}
								},
								"minecraft:slime_calm": {
									"minecraft:movement.jump": {
										"jump_delay": [
											0.5,
											1.5
										]
									}
								},
								"minecraft:slime_aggressive": {
									"minecraft:movement.jump": {
										"jump_delay": [
											0.16,
											0.5
										]
									}
								},
								"despawn": {
									"minecraft:instant_despawn": {}
								}
							},
							"components": {
								"minecraft:is_hidden_when_invisible": {},
								"minecraft:experience_reward": {
									"on_death": "query.last_hit_by_player ? query.variant : 0"
								},
								"minecraft:type_family": {
									"family": [
										"slime",
										"monster",
										"mob"
									]
								},
								"minecraft:breathable": {
									"total_supply": 15,
									"suffocate_time": 0
								},
								"minecraft:navigation.walk": {
									"can_path_over_water": true,
									"avoid_water": true
								},
								"minecraft:jump.static": {},
								"minecraft:can_climb": {},
								"minecraft:hurt_on_condition": {
									"damage_conditions": [
										{
											"filters": {
												"test": "in_lava",
												"subject": "self",
												"operator": "==",
												"value": true
											},
											"cause": "lava",
											"damage_per_tick": 4
										}
									]
								},
								"minecraft:movement.jump": {
									"jump_delay": [
										0.5,
										1.5
									]
								},
								"minecraft:on_target_acquired": {
									"event": "minecraft:become_aggressive",
									"target": "self"
								},
								"minecraft:on_target_escape": {
									"event": "minecraft:become_calm",
									"target": "self"
								},
								"minecraft:nameable": {},
								"minecraft:despawn": {
									"despawn_from_distance": {}
								},
								"minecraft:behavior.slime_float": {
									"priority": 1,
									"jump_chance_percentage": 0.8,
									"speed_multiplier": 1.2
								},
								"minecraft:behavior.slime_attack": {
									"priority": 3
								},
								"minecraft:behavior.slime_random_direction": {
									"priority": 4,
									"add_random_time_range": 3,
									"turn_range": 360,
									"min_change_direction_time": 2
								},
								"minecraft:behavior.slime_keep_on_jumping": {
									"priority": 5,
									"speed_multiplier": 1
								},
								"minecraft:behavior.nearest_attackable_target": {
									"priority": 2,
									"entity_types": [
										{
											"filters": {
												"any_of": [
													{
														"test": "is_family",
														"subject": "other",
														"value": "player"
													},
													{
														"test": "is_family",
														"subject": "other",
														"value": "snowgolem"
													},
													{
														"test": "is_family",
														"subject": "other",
														"value": "irongolem"
													}
												]
											},
											"max_dist": 16
										}
									],
									"must_see": true
								},
								"minecraft:physics": {},
								"minecraft:pushable": {
									"is_pushable": true,
									"is_pushable_by_piston": true
								},
								"minecraft:conditional_bandwidth_optimization": {},
								"minecraft:loot": {
									"table": "loot_tables/entities/slime.json"
								}
							},
							"events": {
								"minecraft:entity_spawned": {
									"add": {
										"component_groups": [
											"minecraft:slime_calm"
										]
									}
								},
								"minecraft:become_calm": {
									"add": {
										"component_groups": [
											"minecraft:slime_calm"
										]
									}
								},
								"minecraft:become_aggressive": {
									"add": {
										"component_groups": [
											"minecraft:slime_aggressive"
										]
									}
								},
								"despawn_all_mobs": {
									"add": {
										"component_groups": [
											"despawn"
										]
									}
								},
								"despawn_slime": {
									"add": {
										"component_groups": [
											"despawn"
										]
									}
								}
							}
						},
						"key": "components",
						"children": [
							{
								"key": "minecraft:is_hidden_when_invisible",
								"is_minified": true,
								"children": {}
							},
							{
								"key": "minecraft:experience_reward",
								"is_minified": true,
								"children": {
									"on_death": "query.last_hit_by_player ? query.variant : 0"
								}
							},
							{
								"key": "minecraft:type_family",
								"is_minified": true,
								"children": {
									"family": [
										"slime",
										"monster",
										"mob"
									]
								}
							},
							{
								"key": "minecraft:breathable",
								"is_minified": true,
								"children": {
									"total_supply": 15,
									"suffocate_time": 0
								}
							},
							{
								"key": "minecraft:navigation.walk",
								"is_minified": true,
								"children": {
									"can_path_over_water": true,
									"avoid_water": true
								}
							},
							{
								"key": "minecraft:jump.static",
								"is_minified": true,
								"children": {}
							},
							{
								"key": "minecraft:can_climb",
								"is_minified": true,
								"children": {}
							},
							{
								"key": "minecraft:hurt_on_condition",
								"is_minified": true,
								"children": {
									"damage_conditions": [
										{
											"filters": {
												"test": "in_lava",
												"subject": "self",
												"operator": "==",
												"value": true
											},
											"cause": "lava",
											"damage_per_tick": 4
										}
									]
								}
							},
							{
								"key": "minecraft:movement.jump",
								"is_minified": true,
								"children": {
									"jump_delay": [
										0.5,
										1.5
									]
								}
							},
							{
								"key": "minecraft:on_target_acquired",
								"is_minified": true,
								"children": {
									"event": "minecraft:become_aggressive",
									"target": "self"
								}
							},
							{
								"key": "minecraft:on_target_escape",
								"is_minified": true,
								"children": {
									"event": "minecraft:become_calm",
									"target": "self"
								}
							},
							{
								"key": "minecraft:nameable",
								"is_minified": true,
								"children": {}
							},
							{
								"key": "minecraft:despawn",
								"is_minified": true,
								"children": {
									"despawn_from_distance": {}
								}
							},
							{
								"key": "minecraft:behavior.slime_float",
								"is_minified": true,
								"children": {
									"priority": 1,
									"jump_chance_percentage": 0.8,
									"speed_multiplier": 1.2
								}
							},
							{
								"key": "minecraft:behavior.slime_attack",
								"is_minified": true,
								"children": {
									"priority": 3
								}
							},
							{
								"key": "minecraft:behavior.slime_random_direction",
								"is_minified": true,
								"children": {
									"priority": 4,
									"add_random_time_range": 3,
									"turn_range": 360,
									"min_change_direction_time": 2
								}
							},
							{
								"key": "minecraft:behavior.slime_keep_on_jumping",
								"is_minified": true,
								"children": {
									"priority": 5,
									"speed_multiplier": 1
								}
							},
							{
								"key": "minecraft:behavior.nearest_attackable_target",
								"is_minified": true,
								"children": {
									"priority": 2,
									"entity_types": [
										{
											"filters": {
												"any_of": [
													{
														"test": "is_family",
														"subject": "other",
														"value": "player"
													},
													{
														"test": "is_family",
														"subject": "other",
														"value": "snowgolem"
													},
													{
														"test": "is_family",
														"subject": "other",
														"value": "irongolem"
													}
												]
											},
											"max_dist": 16
										}
									],
									"must_see": true
								}
							},
							{
								"key": "minecraft:physics",
								"is_minified": true,
								"children": {}
							},
							{
								"key": "minecraft:pushable",
								"is_minified": true,
								"children": {
									"is_pushable": true,
									"is_pushable_by_piston": true
								}
							},
							{
								"key": "minecraft:conditional_bandwidth_optimization",
								"is_minified": true,
								"children": {}
							},
							{
								"open": {
									"minecraft:is_hidden_when_invisible": {},
									"minecraft:experience_reward": {
										"on_death": "query.last_hit_by_player ? query.variant : 0"
									},
									"minecraft:type_family": {
										"family": [
											"slime",
											"monster",
											"mob"
										]
									},
									"minecraft:breathable": {
										"total_supply": 15,
										"suffocate_time": 0
									},
									"minecraft:navigation.walk": {
										"can_path_over_water": true,
										"avoid_water": true
									},
									"minecraft:jump.static": {},
									"minecraft:can_climb": {},
									"minecraft:hurt_on_condition": {
										"damage_conditions": [
											{
												"filters": {
													"test": "in_lava",
													"subject": "self",
													"operator": "==",
													"value": true
												},
												"cause": "lava",
												"damage_per_tick": 4
											}
										]
									},
									"minecraft:movement.jump": {
										"jump_delay": [
											0.5,
											1.5
										]
									},
									"minecraft:on_target_acquired": {
										"event": "minecraft:become_aggressive",
										"target": "self"
									},
									"minecraft:on_target_escape": {
										"event": "minecraft:become_calm",
										"target": "self"
									},
									"minecraft:nameable": {},
									"minecraft:despawn": {
										"despawn_from_distance": {}
									},
									"minecraft:behavior.slime_float": {
										"priority": 1,
										"jump_chance_percentage": 0.8,
										"speed_multiplier": 1.2
									},
									"minecraft:behavior.slime_attack": {
										"priority": 3
									},
									"minecraft:behavior.slime_random_direction": {
										"priority": 4,
										"add_random_time_range": 3,
										"turn_range": 360,
										"min_change_direction_time": 2
									},
									"minecraft:behavior.slime_keep_on_jumping": {
										"priority": 5,
										"speed_multiplier": 1
									},
									"minecraft:behavior.nearest_attackable_target": {
										"priority": 2,
										"entity_types": [
											{
												"filters": {
													"any_of": [
														{
															"test": "is_family",
															"subject": "other",
															"value": "player"
														},
														{
															"test": "is_family",
															"subject": "other",
															"value": "snowgolem"
														},
														{
															"test": "is_family",
															"subject": "other",
															"value": "irongolem"
														}
													]
												},
												"max_dist": 16
											}
										],
										"must_see": true
									},
									"minecraft:physics": {},
									"minecraft:pushable": {
										"is_pushable": true,
										"is_pushable_by_piston": true
									},
									"minecraft:conditional_bandwidth_optimization": {},
									"minecraft:loot": {
										"table": "loot_tables/entities/slime.json"
									}
								},
								"key": "minecraft:loot",
								"is_minified": true,
								"children": {
									"table": "loot_tables/entities/slime.json"
								}
							}
						]
					},
					{
						"open": {
							"description": {
								"identifier": "minecraft:slime",
								"is_spawnable": true,
								"is_summonable": true,
								"is_experimental": false
							},
							"component_groups": {
								"minecraft:slime_large": {
									"minecraft:collision_box": {
										"width": 2.08,
										"height": 2.08
									},
									"minecraft:health": {
										"value": 16,
										"max": 16
									},
									"minecraft:movement": {
										"value": 0.6
									},
									"minecraft:attack": {
										"damage": 4
									}
								},
								"minecraft:slime_medium": {
									"minecraft:collision_box": {
										"width": 1.04,
										"height": 1.04
									},
									"minecraft:health": {
										"value": 4,
										"max": 4
									},
									"minecraft:movement": {
										"value": 0.4
									},
									"minecraft:attack": {
										"damage": 2
									}
								},
								"minecraft:slime_small": {
									"minecraft:collision_box": {
										"width": 0.52,
										"height": 0.52
									},
									"minecraft:health": {
										"value": 1,
										"max": 1
									},
									"minecraft:movement": {
										"value": 0.3
									},
									"minecraft:attack": {
										"damage": 0
									},
									"minecraft:loot": {
										"table": "loot_tables/entities/slime.json"
									}
								},
								"minecraft:slime_calm": {
									"minecraft:movement.jump": {
										"jump_delay": [
											0.5,
											1.5
										]
									}
								},
								"minecraft:slime_aggressive": {
									"minecraft:movement.jump": {
										"jump_delay": [
											0.16,
											0.5
										]
									}
								},
								"despawn": {
									"minecraft:instant_despawn": {}
								}
							},
							"components": {
								"minecraft:is_hidden_when_invisible": {},
								"minecraft:experience_reward": {
									"on_death": "query.last_hit_by_player ? query.variant : 0"
								},
								"minecraft:type_family": {
									"family": [
										"slime",
										"monster",
										"mob"
									]
								},
								"minecraft:breathable": {
									"total_supply": 15,
									"suffocate_time": 0
								},
								"minecraft:navigation.walk": {
									"can_path_over_water": true,
									"avoid_water": true
								},
								"minecraft:jump.static": {},
								"minecraft:can_climb": {},
								"minecraft:hurt_on_condition": {
									"damage_conditions": [
										{
											"filters": {
												"test": "in_lava",
												"subject": "self",
												"operator": "==",
												"value": true
											},
											"cause": "lava",
											"damage_per_tick": 4
										}
									]
								},
								"minecraft:movement.jump": {
									"jump_delay": [
										0.5,
										1.5
									]
								},
								"minecraft:on_target_acquired": {
									"event": "minecraft:become_aggressive",
									"target": "self"
								},
								"minecraft:on_target_escape": {
									"event": "minecraft:become_calm",
									"target": "self"
								},
								"minecraft:nameable": {},
								"minecraft:despawn": {
									"despawn_from_distance": {}
								},
								"minecraft:behavior.slime_float": {
									"priority": 1,
									"jump_chance_percentage": 0.8,
									"speed_multiplier": 1.2
								},
								"minecraft:behavior.slime_attack": {
									"priority": 3
								},
								"minecraft:behavior.slime_random_direction": {
									"priority": 4,
									"add_random_time_range": 3,
									"turn_range": 360,
									"min_change_direction_time": 2
								},
								"minecraft:behavior.slime_keep_on_jumping": {
									"priority": 5,
									"speed_multiplier": 1
								},
								"minecraft:behavior.nearest_attackable_target": {
									"priority": 2,
									"entity_types": [
										{
											"filters": {
												"any_of": [
													{
														"test": "is_family",
														"subject": "other",
														"value": "player"
													},
													{
														"test": "is_family",
														"subject": "other",
														"value": "snowgolem"
													},
													{
														"test": "is_family",
														"subject": "other",
														"value": "irongolem"
													}
												]
											},
											"max_dist": 16
										}
									],
									"must_see": true
								},
								"minecraft:physics": {},
								"minecraft:pushable": {
									"is_pushable": true,
									"is_pushable_by_piston": true
								},
								"minecraft:conditional_bandwidth_optimization": {},
								"minecraft:loot": {
									"table": "loot_tables/entities/slime.json"
								}
							},
							"events": {
								"minecraft:entity_spawned": {
									"add": {
										"component_groups": [
											"minecraft:slime_calm"
										]
									}
								},
								"minecraft:become_calm": {
									"add": {
										"component_groups": [
											"minecraft:slime_calm"
										]
									}
								},
								"minecraft:become_aggressive": {
									"add": {
										"component_groups": [
											"minecraft:slime_aggressive"
										]
									}
								},
								"despawn_all_mobs": {
									"add": {
										"component_groups": [
											"despawn"
										]
									}
								},
								"despawn_slime": {
									"add": {
										"component_groups": [
											"despawn"
										]
									}
								}
							}
						},
						"key": "events",
						"children": [
							{
								"key": "minecraft:entity_spawned",
								"is_minified": true,
								"children": {
									"add": {
										"component_groups": [
											"minecraft:slime_calm"
										]
									}
								}
							},
							{
								"key": "minecraft:become_calm",
								"is_minified": true,
								"children": {
									"add": {
										"component_groups": [
											"minecraft:slime_calm"
										]
									}
								}
							},
							{
								"key": "minecraft:become_aggressive",
								"is_minified": true,
								"children": {
									"add": {
										"component_groups": [
											"minecraft:slime_aggressive"
										]
									}
								}
							},
							{
								"open": {
									"minecraft:entity_spawned": {
										"add": {
											"component_groups": [
												"minecraft:slime_calm"
											]
										}
									},
									"minecraft:become_calm": {
										"add": {
											"component_groups": [
												"minecraft:slime_calm"
											]
										}
									},
									"minecraft:become_aggressive": {
										"add": {
											"component_groups": [
												"minecraft:slime_aggressive"
											]
										}
									},
									"despawn_all_mobs": {
										"add": {
											"component_groups": [
												"despawn"
											]
										}
									},
									"despawn_slime": {
										"add": {
											"component_groups": [
												"despawn"
											]
										}
									}
								},
								"key": "despawn_all_mobs",
								"children": [
									{
										"open": {
											"add": {
												"component_groups": [
													"despawn"
												]
											}
										},
										"key": "add",
										"children": [
											{
												"open": {
													"component_groups": [
														"despawn"
													]
												},
												"key": "component_groups",
												"is_minified": true,
												"children": [
													"despawn"
												]
											}
										]
									}
								]
							},
							{
								"open": {
									"minecraft:entity_spawned": {
										"add": {
											"component_groups": [
												"minecraft:slime_calm"
											]
										}
									},
									"minecraft:become_calm": {
										"add": {
											"component_groups": [
												"minecraft:slime_calm"
											]
										}
									},
									"minecraft:become_aggressive": {
										"add": {
											"component_groups": [
												"minecraft:slime_aggressive"
											]
										}
									},
									"despawn_all_mobs": {
										"add": {
											"component_groups": [
												"despawn"
											]
										}
									},
									"despawn_slime": {
										"add": {
											"component_groups": [
												"despawn"
											]
										}
									}
								},
								"key": "despawn_slime",
								"is_minified": true,
								"children": {
									"add": {
										"component_groups": [
											"despawn"
										]
									}
								}
							}
						]
					}
				]
			}
		]
	}
}