{
	"file_path": "C:\\Users\\2007p\\AppData\\Local\\Packages\\Microsoft.MinecraftUWP_8wekyb3d8bbwe\\LocalState\\games\\com.mojang\\development_behavior_packs\\Dragon_Cb3\\entities\\warden.json",
	"file_type": "entity",
	"format_version": 1,
	"file_uuid": "cef28bc7_ec23_491a_8ca2_fa124ca6d35b",
	"file_version": 2,
	"cache_content": {
		"children": [
			{
				"data": "1.16.0",
				"key": "format_version"
			},
			{
				"open": {
					"format_version": "1.16.0",
					"minecraft:entity": {
						"description": {
							"identifier": "minecraft:warden",
							"is_spawnable": true,
							"is_summonable": true,
							"is_experimental": false
						},
						"component_groups": {
							"emerging": {
								"minecraft:behavior.emerge": {
									"duration": 7,
									"on_done": {
										"event": "minecraft:emerged",
										"target": "self"
									}
								}
							},
							"despawn": {
								"minecraft:instant_despawn": {}
							}
						},
						"components": {
							"minecraft:movement_sound_distance_offset": {
								"value": 0.55
							},
							"minecraft:experience_reward": {
								"on_bred": "Math.Random(1,7)",
								"on_death": "query.last_hit_by_player ? Math.Random(1,3) : 0"
							},
							"minecraft:attack": {
								"damage": 30
							},
							"minecraft:vibration_listener": {},
							"minecraft:suspect_tracking": {},
							"minecraft:anger_level": {
								"max_anger": 150,
								"angry_threshold": 80,
								"remove_targets_below_angry_threshold": true,
								"angry_boost": 20,
								"anger_decrement_interval": 1,
								"default_annoyingness": 35,
								"default_projectile_annoyingness": 20,
								"on_increase_sounds": [
									{
										"sound": "angry",
										"condition": "query.anger_level(this) >= 80"
									},
									{
										"sound": "agitated",
										"condition": "query.anger_level(this) >= 40"
									},
									{
										"sound": "listening",
										"condition": "query.anger_level(this) >= 0"
									}
								]
							},
							"minecraft:is_hidden_when_invisible": {},
							"minecraft:type_family": {
								"family": [
									"warden",
									"monster",
									"mob"
								]
							},
							"minecraft:breathable": {
								"total_supply": 15,
								"suffocate_time": 0
							},
							"minecraft:navigation.walk": {
								"can_path_over_water": true,
								"avoid_water": true,
								"avoid_damage_blocks": true
							},
							"minecraft:ambient_sound_interval": {
								"value": 2,
								"range": 4,
								"event_name": "ambient",
								"event_names": [
									{
										"event_name": "angry",
										"condition": "query.anger_level(this) >= 80"
									},
									{
										"event_name": "agitated",
										"condition": "query.anger_level(this) >= 40"
									}
								]
							},
							"minecraft:heartbeat": {
								"interval": "2.0 - math.clamp(query.anger_level / 80 * 1.5, 0, 1.5)"
							},
							"minecraft:movement.basic": {},
							"minecraft:jump.static": {},
							"minecraft:can_climb": {},
							"minecraft:collision_box": {
								"width": 0.9,
								"height": 2.9
							},
							"minecraft:health": {
								"value": 500,
								"max": 500
							},
							"minecraft:movement": {
								"value": 0.3
							},
							"minecraft:knockback_resistance": {
								"value": 1
							},
							"minecraft:behavior.float": {
								"priority": 0
							},
							"minecraft:behavior.dig": {
								"priority": 1,
								"duration": 5.5,
								"idle_time": 60,
								"vibration_is_disturbance": true,
								"suspicion_is_disturbance": true,
								"digs_in_daylight": true
							},
							"minecraft:behavior.roar": {
								"priority": 2,
								"duration": 4.2
							},
							"minecraft:behavior.melee_attack": {
								"priority": 3,
								"speed_multiplier": 1.2,
								"melee_fov": 360
							},
							"minecraft:behavior.investigate_suspicious_location": {
								"priority": 4,
								"speed_multiplier": 0.7
							},
							"minecraft:behavior.sniff": {
								"priority": 5,
								"duration": 4.16,
								"sniffing_radius": 30,
								"suspicion_radius": 6,
								"cooldown_range": [
									5,
									10
								]
							},
							"minecraft:behavior.random_stroll": {
								"priority": 9,
								"speed_multiplier": 0.5
							},
							"minecraft:behavior.random_look_around": {
								"priority": 11
							},
							"minecraft:physics": {},
							"minecraft:mob_effect": {
								"effect_range": 20,
								"effect_time": 13,
								"mob_effect": "darkness",
								"entity_filter": {
									"test": "is_family",
									"subject": "other",
									"value": "player"
								}
							},
							"minecraft:follow_range": 30,
							"minecraft:fire_immune": {},
							"minecraft:nameable": {},
							"minecraft:loot": {
								"table": "loot_tables/entities/warden.json"
							}
						},
						"events": {
							"minecraft:spawn_emerging": {
								"add": {
									"component_groups": [
										"emerging"
									]
								}
							},
							"minecraft:emerged": {
								"remove": {
									"component_groups": [
										"emerging"
									]
								}
							},
							"minecraft:entity_spawned": {},
							"despawn_all_mobs": {
								"add": {
									"component_groups": [
										"despawn"
									]
								}
							},
							"despawn_warden": {
								"add": {
									"component_groups": [
										"despawn"
									]
								}
							}
						}
					}
				},
				"key": "minecraft:entity",
				"children": [
					{
						"open": {
							"description": {
								"identifier": "minecraft:warden",
								"is_spawnable": true,
								"is_summonable": true,
								"is_experimental": false
							},
							"component_groups": {
								"emerging": {
									"minecraft:behavior.emerge": {
										"duration": 7,
										"on_done": {
											"event": "minecraft:emerged",
											"target": "self"
										}
									}
								},
								"despawn": {
									"minecraft:instant_despawn": {}
								}
							},
							"components": {
								"minecraft:movement_sound_distance_offset": {
									"value": 0.55
								},
								"minecraft:experience_reward": {
									"on_bred": "Math.Random(1,7)",
									"on_death": "query.last_hit_by_player ? Math.Random(1,3) : 0"
								},
								"minecraft:attack": {
									"damage": 30
								},
								"minecraft:vibration_listener": {},
								"minecraft:suspect_tracking": {},
								"minecraft:anger_level": {
									"max_anger": 150,
									"angry_threshold": 80,
									"remove_targets_below_angry_threshold": true,
									"angry_boost": 20,
									"anger_decrement_interval": 1,
									"default_annoyingness": 35,
									"default_projectile_annoyingness": 20,
									"on_increase_sounds": [
										{
											"sound": "angry",
											"condition": "query.anger_level(this) >= 80"
										},
										{
											"sound": "agitated",
											"condition": "query.anger_level(this) >= 40"
										},
										{
											"sound": "listening",
											"condition": "query.anger_level(this) >= 0"
										}
									]
								},
								"minecraft:is_hidden_when_invisible": {},
								"minecraft:type_family": {
									"family": [
										"warden",
										"monster",
										"mob"
									]
								},
								"minecraft:breathable": {
									"total_supply": 15,
									"suffocate_time": 0
								},
								"minecraft:navigation.walk": {
									"can_path_over_water": true,
									"avoid_water": true,
									"avoid_damage_blocks": true
								},
								"minecraft:ambient_sound_interval": {
									"value": 2,
									"range": 4,
									"event_name": "ambient",
									"event_names": [
										{
											"event_name": "angry",
											"condition": "query.anger_level(this) >= 80"
										},
										{
											"event_name": "agitated",
											"condition": "query.anger_level(this) >= 40"
										}
									]
								},
								"minecraft:heartbeat": {
									"interval": "2.0 - math.clamp(query.anger_level / 80 * 1.5, 0, 1.5)"
								},
								"minecraft:movement.basic": {},
								"minecraft:jump.static": {},
								"minecraft:can_climb": {},
								"minecraft:collision_box": {
									"width": 0.9,
									"height": 2.9
								},
								"minecraft:health": {
									"value": 500,
									"max": 500
								},
								"minecraft:movement": {
									"value": 0.3
								},
								"minecraft:knockback_resistance": {
									"value": 1
								},
								"minecraft:behavior.float": {
									"priority": 0
								},
								"minecraft:behavior.dig": {
									"priority": 1,
									"duration": 5.5,
									"idle_time": 60,
									"vibration_is_disturbance": true,
									"suspicion_is_disturbance": true,
									"digs_in_daylight": true
								},
								"minecraft:behavior.roar": {
									"priority": 2,
									"duration": 4.2
								},
								"minecraft:behavior.melee_attack": {
									"priority": 3,
									"speed_multiplier": 1.2,
									"melee_fov": 360
								},
								"minecraft:behavior.investigate_suspicious_location": {
									"priority": 4,
									"speed_multiplier": 0.7
								},
								"minecraft:behavior.sniff": {
									"priority": 5,
									"duration": 4.16,
									"sniffing_radius": 30,
									"suspicion_radius": 6,
									"cooldown_range": [
										5,
										10
									]
								},
								"minecraft:behavior.random_stroll": {
									"priority": 9,
									"speed_multiplier": 0.5
								},
								"minecraft:behavior.random_look_around": {
									"priority": 11
								},
								"minecraft:physics": {},
								"minecraft:mob_effect": {
									"effect_range": 20,
									"effect_time": 13,
									"mob_effect": "darkness",
									"entity_filter": {
										"test": "is_family",
										"subject": "other",
										"value": "player"
									}
								},
								"minecraft:follow_range": 30,
								"minecraft:fire_immune": {},
								"minecraft:nameable": {},
								"minecraft:loot": {
									"table": "loot_tables/entities/warden.json"
								}
							},
							"events": {
								"minecraft:spawn_emerging": {
									"add": {
										"component_groups": [
											"emerging"
										]
									}
								},
								"minecraft:emerged": {
									"remove": {
										"component_groups": [
											"emerging"
										]
									}
								},
								"minecraft:entity_spawned": {},
								"despawn_all_mobs": {
									"add": {
										"component_groups": [
											"despawn"
										]
									}
								},
								"despawn_warden": {
									"add": {
										"component_groups": [
											"despawn"
										]
									}
								}
							}
						},
						"key": "description",
						"is_minified": true,
						"children": {
							"identifier": "minecraft:warden",
							"is_spawnable": true,
							"is_summonable": true,
							"is_experimental": false
						}
					},
					{
						"open": {
							"description": {
								"identifier": "minecraft:warden",
								"is_spawnable": true,
								"is_summonable": true,
								"is_experimental": false
							},
							"component_groups": {
								"emerging": {
									"minecraft:behavior.emerge": {
										"duration": 7,
										"on_done": {
											"event": "minecraft:emerged",
											"target": "self"
										}
									}
								},
								"despawn": {
									"minecraft:instant_despawn": {}
								}
							},
							"components": {
								"minecraft:movement_sound_distance_offset": {
									"value": 0.55
								},
								"minecraft:experience_reward": {
									"on_bred": "Math.Random(1,7)",
									"on_death": "query.last_hit_by_player ? Math.Random(1,3) : 0"
								},
								"minecraft:attack": {
									"damage": 30
								},
								"minecraft:vibration_listener": {},
								"minecraft:suspect_tracking": {},
								"minecraft:anger_level": {
									"max_anger": 150,
									"angry_threshold": 80,
									"remove_targets_below_angry_threshold": true,
									"angry_boost": 20,
									"anger_decrement_interval": 1,
									"default_annoyingness": 35,
									"default_projectile_annoyingness": 20,
									"on_increase_sounds": [
										{
											"sound": "angry",
											"condition": "query.anger_level(this) >= 80"
										},
										{
											"sound": "agitated",
											"condition": "query.anger_level(this) >= 40"
										},
										{
											"sound": "listening",
											"condition": "query.anger_level(this) >= 0"
										}
									]
								},
								"minecraft:is_hidden_when_invisible": {},
								"minecraft:type_family": {
									"family": [
										"warden",
										"monster",
										"mob"
									]
								},
								"minecraft:breathable": {
									"total_supply": 15,
									"suffocate_time": 0
								},
								"minecraft:navigation.walk": {
									"can_path_over_water": true,
									"avoid_water": true,
									"avoid_damage_blocks": true
								},
								"minecraft:ambient_sound_interval": {
									"value": 2,
									"range": 4,
									"event_name": "ambient",
									"event_names": [
										{
											"event_name": "angry",
											"condition": "query.anger_level(this) >= 80"
										},
										{
											"event_name": "agitated",
											"condition": "query.anger_level(this) >= 40"
										}
									]
								},
								"minecraft:heartbeat": {
									"interval": "2.0 - math.clamp(query.anger_level / 80 * 1.5, 0, 1.5)"
								},
								"minecraft:movement.basic": {},
								"minecraft:jump.static": {},
								"minecraft:can_climb": {},
								"minecraft:collision_box": {
									"width": 0.9,
									"height": 2.9
								},
								"minecraft:health": {
									"value": 500,
									"max": 500
								},
								"minecraft:movement": {
									"value": 0.3
								},
								"minecraft:knockback_resistance": {
									"value": 1
								},
								"minecraft:behavior.float": {
									"priority": 0
								},
								"minecraft:behavior.dig": {
									"priority": 1,
									"duration": 5.5,
									"idle_time": 60,
									"vibration_is_disturbance": true,
									"suspicion_is_disturbance": true,
									"digs_in_daylight": true
								},
								"minecraft:behavior.roar": {
									"priority": 2,
									"duration": 4.2
								},
								"minecraft:behavior.melee_attack": {
									"priority": 3,
									"speed_multiplier": 1.2,
									"melee_fov": 360
								},
								"minecraft:behavior.investigate_suspicious_location": {
									"priority": 4,
									"speed_multiplier": 0.7
								},
								"minecraft:behavior.sniff": {
									"priority": 5,
									"duration": 4.16,
									"sniffing_radius": 30,
									"suspicion_radius": 6,
									"cooldown_range": [
										5,
										10
									]
								},
								"minecraft:behavior.random_stroll": {
									"priority": 9,
									"speed_multiplier": 0.5
								},
								"minecraft:behavior.random_look_around": {
									"priority": 11
								},
								"minecraft:physics": {},
								"minecraft:mob_effect": {
									"effect_range": 20,
									"effect_time": 13,
									"mob_effect": "darkness",
									"entity_filter": {
										"test": "is_family",
										"subject": "other",
										"value": "player"
									}
								},
								"minecraft:follow_range": 30,
								"minecraft:fire_immune": {},
								"minecraft:nameable": {},
								"minecraft:loot": {
									"table": "loot_tables/entities/warden.json"
								}
							},
							"events": {
								"minecraft:spawn_emerging": {
									"add": {
										"component_groups": [
											"emerging"
										]
									}
								},
								"minecraft:emerged": {
									"remove": {
										"component_groups": [
											"emerging"
										]
									}
								},
								"minecraft:entity_spawned": {},
								"despawn_all_mobs": {
									"add": {
										"component_groups": [
											"despawn"
										]
									}
								},
								"despawn_warden": {
									"add": {
										"component_groups": [
											"despawn"
										]
									}
								}
							}
						},
						"key": "component_groups",
						"children": [
							{
								"key": "emerging",
								"is_minified": true,
								"children": {
									"minecraft:behavior.emerge": {
										"duration": 7,
										"on_done": {
											"event": "minecraft:emerged",
											"target": "self"
										}
									}
								}
							},
							{
								"open": {
									"emerging": {
										"minecraft:behavior.emerge": {
											"duration": 7,
											"on_done": {
												"event": "minecraft:emerged",
												"target": "self"
											}
										}
									},
									"despawn": {
										"minecraft:instant_despawn": {}
									}
								},
								"key": "despawn",
								"is_minified": true,
								"children": {
									"minecraft:instant_despawn": {}
								}
							}
						]
					},
					{
						"key": "components",
						"is_minified": true,
						"children": {
							"minecraft:movement_sound_distance_offset": {
								"value": 0.55
							},
							"minecraft:experience_reward": {
								"on_bred": "Math.Random(1,7)",
								"on_death": "query.last_hit_by_player ? Math.Random(1,3) : 0"
							},
							"minecraft:attack": {
								"damage": 30
							},
							"minecraft:vibration_listener": {},
							"minecraft:suspect_tracking": {},
							"minecraft:anger_level": {
								"max_anger": 150,
								"angry_threshold": 80,
								"remove_targets_below_angry_threshold": true,
								"angry_boost": 20,
								"anger_decrement_interval": 1,
								"default_annoyingness": 35,
								"default_projectile_annoyingness": 20,
								"on_increase_sounds": [
									{
										"sound": "angry",
										"condition": "query.anger_level(this) >= 80"
									},
									{
										"sound": "agitated",
										"condition": "query.anger_level(this) >= 40"
									},
									{
										"sound": "listening",
										"condition": "query.anger_level(this) >= 0"
									}
								]
							},
							"minecraft:is_hidden_when_invisible": {},
							"minecraft:type_family": {
								"family": [
									"warden",
									"monster",
									"mob"
								]
							},
							"minecraft:breathable": {
								"total_supply": 15,
								"suffocate_time": 0
							},
							"minecraft:navigation.walk": {
								"can_path_over_water": true,
								"avoid_water": true,
								"avoid_damage_blocks": true
							},
							"minecraft:ambient_sound_interval": {
								"value": 2,
								"range": 4,
								"event_name": "ambient",
								"event_names": [
									{
										"event_name": "angry",
										"condition": "query.anger_level(this) >= 80"
									},
									{
										"event_name": "agitated",
										"condition": "query.anger_level(this) >= 40"
									}
								]
							},
							"minecraft:heartbeat": {
								"interval": "2.0 - math.clamp(query.anger_level / 80 * 1.5, 0, 1.5)"
							},
							"minecraft:movement.basic": {},
							"minecraft:jump.static": {},
							"minecraft:can_climb": {},
							"minecraft:collision_box": {
								"width": 0.9,
								"height": 2.9
							},
							"minecraft:health": {
								"value": 500,
								"max": 500
							},
							"minecraft:movement": {
								"value": 0.3
							},
							"minecraft:knockback_resistance": {
								"value": 1
							},
							"minecraft:behavior.float": {
								"priority": 0
							},
							"minecraft:behavior.dig": {
								"priority": 1,
								"duration": 5.5,
								"idle_time": 60,
								"vibration_is_disturbance": true,
								"suspicion_is_disturbance": true,
								"digs_in_daylight": true
							},
							"minecraft:behavior.roar": {
								"priority": 2,
								"duration": 4.2
							},
							"minecraft:behavior.melee_attack": {
								"priority": 3,
								"speed_multiplier": 1.2,
								"melee_fov": 360
							},
							"minecraft:behavior.investigate_suspicious_location": {
								"priority": 4,
								"speed_multiplier": 0.7
							},
							"minecraft:behavior.sniff": {
								"priority": 5,
								"duration": 4.16,
								"sniffing_radius": 30,
								"suspicion_radius": 6,
								"cooldown_range": [
									5,
									10
								]
							},
							"minecraft:behavior.random_stroll": {
								"priority": 9,
								"speed_multiplier": 0.5
							},
							"minecraft:behavior.random_look_around": {
								"priority": 11
							},
							"minecraft:physics": {},
							"minecraft:mob_effect": {
								"effect_range": 20,
								"effect_time": 13,
								"mob_effect": "darkness",
								"entity_filter": {
									"test": "is_family",
									"subject": "other",
									"value": "player"
								}
							},
							"minecraft:follow_range": 30,
							"minecraft:fire_immune": {},
							"minecraft:nameable": {},
							"minecraft:loot": {
								"table": "loot_tables/entities/warden.json"
							}
						}
					},
					{
						"open": {
							"description": {
								"identifier": "minecraft:warden",
								"is_spawnable": true,
								"is_summonable": true,
								"is_experimental": false
							},
							"component_groups": {
								"emerging": {
									"minecraft:behavior.emerge": {
										"duration": 7,
										"on_done": {
											"event": "minecraft:emerged",
											"target": "self"
										}
									}
								},
								"despawn": {
									"minecraft:instant_despawn": {}
								}
							},
							"components": {
								"minecraft:movement_sound_distance_offset": {
									"value": 0.55
								},
								"minecraft:experience_reward": {
									"on_bred": "Math.Random(1,7)",
									"on_death": "query.last_hit_by_player ? Math.Random(1,3) : 0"
								},
								"minecraft:attack": {
									"damage": 30
								},
								"minecraft:vibration_listener": {},
								"minecraft:suspect_tracking": {},
								"minecraft:anger_level": {
									"max_anger": 150,
									"angry_threshold": 80,
									"remove_targets_below_angry_threshold": true,
									"angry_boost": 20,
									"anger_decrement_interval": 1,
									"default_annoyingness": 35,
									"default_projectile_annoyingness": 20,
									"on_increase_sounds": [
										{
											"sound": "angry",
											"condition": "query.anger_level(this) >= 80"
										},
										{
											"sound": "agitated",
											"condition": "query.anger_level(this) >= 40"
										},
										{
											"sound": "listening",
											"condition": "query.anger_level(this) >= 0"
										}
									]
								},
								"minecraft:is_hidden_when_invisible": {},
								"minecraft:type_family": {
									"family": [
										"warden",
										"monster",
										"mob"
									]
								},
								"minecraft:breathable": {
									"total_supply": 15,
									"suffocate_time": 0
								},
								"minecraft:navigation.walk": {
									"can_path_over_water": true,
									"avoid_water": true,
									"avoid_damage_blocks": true
								},
								"minecraft:ambient_sound_interval": {
									"value": 2,
									"range": 4,
									"event_name": "ambient",
									"event_names": [
										{
											"event_name": "angry",
											"condition": "query.anger_level(this) >= 80"
										},
										{
											"event_name": "agitated",
											"condition": "query.anger_level(this) >= 40"
										}
									]
								},
								"minecraft:heartbeat": {
									"interval": "2.0 - math.clamp(query.anger_level / 80 * 1.5, 0, 1.5)"
								},
								"minecraft:movement.basic": {},
								"minecraft:jump.static": {},
								"minecraft:can_climb": {},
								"minecraft:collision_box": {
									"width": 0.9,
									"height": 2.9
								},
								"minecraft:health": {
									"value": 500,
									"max": 500
								},
								"minecraft:movement": {
									"value": 0.3
								},
								"minecraft:knockback_resistance": {
									"value": 1
								},
								"minecraft:behavior.float": {
									"priority": 0
								},
								"minecraft:behavior.dig": {
									"priority": 1,
									"duration": 5.5,
									"idle_time": 60,
									"vibration_is_disturbance": true,
									"suspicion_is_disturbance": true,
									"digs_in_daylight": true
								},
								"minecraft:behavior.roar": {
									"priority": 2,
									"duration": 4.2
								},
								"minecraft:behavior.melee_attack": {
									"priority": 3,
									"speed_multiplier": 1.2,
									"melee_fov": 360
								},
								"minecraft:behavior.investigate_suspicious_location": {
									"priority": 4,
									"speed_multiplier": 0.7
								},
								"minecraft:behavior.sniff": {
									"priority": 5,
									"duration": 4.16,
									"sniffing_radius": 30,
									"suspicion_radius": 6,
									"cooldown_range": [
										5,
										10
									]
								},
								"minecraft:behavior.random_stroll": {
									"priority": 9,
									"speed_multiplier": 0.5
								},
								"minecraft:behavior.random_look_around": {
									"priority": 11
								},
								"minecraft:physics": {},
								"minecraft:mob_effect": {
									"effect_range": 20,
									"effect_time": 13,
									"mob_effect": "darkness",
									"entity_filter": {
										"test": "is_family",
										"subject": "other",
										"value": "player"
									}
								},
								"minecraft:follow_range": 30,
								"minecraft:fire_immune": {},
								"minecraft:nameable": {},
								"minecraft:loot": {
									"table": "loot_tables/entities/warden.json"
								}
							},
							"events": {
								"minecraft:spawn_emerging": {
									"add": {
										"component_groups": [
											"emerging"
										]
									}
								},
								"minecraft:emerged": {
									"remove": {
										"component_groups": [
											"emerging"
										]
									}
								},
								"minecraft:entity_spawned": {},
								"despawn_all_mobs": {
									"add": {
										"component_groups": [
											"despawn"
										]
									}
								},
								"despawn_warden": {
									"add": {
										"component_groups": [
											"despawn"
										]
									}
								}
							}
						},
						"key": "events",
						"children": [
							{
								"key": "minecraft:spawn_emerging",
								"is_minified": true,
								"children": {
									"add": {
										"component_groups": [
											"emerging"
										]
									}
								}
							},
							{
								"key": "minecraft:emerged",
								"is_minified": true,
								"children": {
									"remove": {
										"component_groups": [
											"emerging"
										]
									}
								}
							},
							{
								"key": "minecraft:entity_spawned",
								"is_minified": true,
								"children": {}
							},
							{
								"open": {
									"minecraft:spawn_emerging": {
										"add": {
											"component_groups": [
												"emerging"
											]
										}
									},
									"minecraft:emerged": {
										"remove": {
											"component_groups": [
												"emerging"
											]
										}
									},
									"minecraft:entity_spawned": {},
									"despawn_all_mobs": {
										"add": {
											"component_groups": [
												"despawn"
											]
										}
									},
									"despawn_warden": {
										"add": {
											"component_groups": [
												"despawn"
											]
										}
									}
								},
								"key": "despawn_all_mobs",
								"children": [
									{
										"open": {
											"add": {
												"component_groups": [
													"despawn"
												]
											}
										},
										"key": "add",
										"children": [
											{
												"open": {
													"component_groups": [
														"despawn"
													]
												},
												"key": "component_groups",
												"is_minified": true,
												"children": [
													"despawn"
												]
											}
										]
									}
								]
							},
							{
								"open": {
									"minecraft:spawn_emerging": {
										"add": {
											"component_groups": [
												"emerging"
											]
										}
									},
									"minecraft:emerged": {
										"remove": {
											"component_groups": [
												"emerging"
											]
										}
									},
									"minecraft:entity_spawned": {},
									"despawn_all_mobs": {
										"add": {
											"component_groups": [
												"despawn"
											]
										}
									},
									"despawn_warden": {
										"add": {
											"component_groups": [
												"despawn"
											]
										}
									}
								},
								"key": "despawn_warden",
								"children": [
									{
										"open": {
											"add": {
												"component_groups": [
													"despawn"
												]
											}
										},
										"key": "add",
										"children": [
											{
												"open": {
													"component_groups": [
														"despawn"
													]
												},
												"key": "component_groups",
												"is_minified": true,
												"children": [
													"despawn"
												]
											}
										]
									}
								]
							}
						]
					}
				]
			}
		]
	}
}