{
	"file_path": "C:\\Users\\2007p\\AppData\\Local\\Packages\\Microsoft.MinecraftUWP_8wekyb3d8bbwe\\LocalState\\games\\com.mojang\\development_resource_packs\\jknjb\\render_controllers\\ghastdragon.json",
	"file_type": "render_controller",
	"format_version": 1,
	"file_uuid": "11e9e4c1_4571_4439_961d_b09cb5d86884",
	"file_version": 0,
	"cache_content": {
		"children": [
			{
				"data": "1.8.0",
				"key": "format_version"
			},
			{
				"open": {
					"format_version": "1.8.0",
					"render_controllers": {
						"controller.render.ghast": {
							"geometry": "Geometry.default",
							"materials": [
								{
									"*": "Material.default"
								}
							],
							"textures": [
								"Texture.default"
							]
						}
					}
				},
				"key": "render_controllers",
				"children": [
					{
						"open": {
							"controller.render.ghast": {
								"geometry": "Geometry.default",
								"materials": [
									{
										"*": "Material.default"
									}
								],
								"textures": [
									"Texture.default"
								]
							}
						},
						"key": "controller.render.ghast",
						"children": [
							{
								"open": {
									"geometry": "Geometry.default",
									"materials": [
										{
											"*": "Material.default"
										}
									],
									"textures": [
										"Texture.default"
									]
								},
								"data": "Geometry.default",
								"key": "geometry"
							},
							{
								"key": "materials",
								"is_minified": true,
								"children": [
									{
										"*": "Material.default"
									}
								]
							},
							{
								"open": {
									"geometry": "Geometry.default",
									"materials": [
										{
											"*": "Material.default"
										}
									],
									"textures": [
										"Texture.default"
									]
								},
								"key": "textures",
								"is_minified": true,
								"children": [
									"Texture.default"
								]
							}
						]
					}
				]
			}
		]
	}
}