{
	"file_path": "C:\\Users\\2007p\\AppData\\Local\\Packages\\Microsoft.MinecraftUWP_8wekyb3d8bbwe\\LocalState\\games\\com.mojang\\development_behavior_packs\\jknjb\\recipes\\klebriger_kolben.json",
	"file_type": "recipe",
	"format_version": 1,
	"file_uuid": "de9b0f6f_bf1c_4943_a615_24b6c4eddc39",
	"file_version": 2,
	"cache_content": {
		"children": [
			{
				"data": "1.12",
				"key": "format_version"
			},
			{
				"open": {
					"format_version": 1.12,
					"minecraft:recipe_shaped": {
						"description": {
							"identifier": "minecraft:sticky_piston"
						},
						"tags": [
							"crafting_table"
						],
						"pattern": [
							"S",
							"P"
						],
						"key": {
							"P": {
								"item": "minecraft:piston"
							},
							"S": {
								"item": "minecraft:slime_ball"
							}
						},
						"result": [
							{
								"item": "minecraft:dirt",
								"count": 0
							}
						]
					}
				},
				"key": "minecraft:recipe_shaped",
				"children": [
					{
						"key": "description",
						"is_minified": true,
						"children": {
							"identifier": "minecraft:sticky_piston"
						}
					},
					{
						"key": "tags",
						"is_minified": true,
						"children": [
							"crafting_table"
						]
					},
					{
						"open": {
							"description": {
								"identifier": "minecraft:sticky_piston"
							},
							"tags": [
								"crafting_table"
							],
							"pattern": [
								"S",
								"P"
							],
							"key": {
								"P": {
									"item": "minecraft:piston"
								},
								"S": {
									"item": "minecraft:slime_ball"
								}
							},
							"result": [
								{
									"item": "minecraft:dirt",
									"count": 0
								}
							]
						},
						"key": "pattern",
						"is_minified": true,
						"children": [
							"S",
							"P"
						]
					},
					{
						"open": {
							"description": {
								"identifier": "minecraft:sticky_piston"
							},
							"tags": [
								"crafting_table"
							],
							"pattern": [
								"S",
								"P"
							],
							"key": {
								"P": {
									"item": "minecraft:piston"
								},
								"S": {
									"item": "minecraft:slime_ball"
								}
							},
							"result": [
								{
									"item": "minecraft:dirt",
									"count": 0
								}
							]
						},
						"key": "key",
						"children": [
							{
								"open": {
									"P": {
										"item": "minecraft:piston"
									},
									"S": {
										"item": "minecraft:slime_ball"
									}
								},
								"key": "P",
								"is_minified": true,
								"children": {
									"item": "minecraft:piston"
								}
							},
							{
								"open": {
									"P": {
										"item": "minecraft:piston"
									},
									"S": {
										"item": "minecraft:slime_ball"
									}
								},
								"key": "S",
								"is_minified": true,
								"children": {
									"item": "minecraft:slime_ball"
								}
							}
						]
					},
					{
						"open": {
							"description": {
								"identifier": "minecraft:sticky_piston"
							},
							"tags": [
								"crafting_table"
							],
							"pattern": [
								"S",
								"P"
							],
							"key": {
								"P": {
									"item": "minecraft:piston"
								},
								"S": {
									"item": "minecraft:slime_ball"
								}
							},
							"result": [
								{
									"item": "minecraft:dirt",
									"count": 0
								}
							]
						},
						"key": "result",
						"children": [
							{
								"open": [
									{
										"item": "minecraft:dirt",
										"count": 0
									}
								],
								"is_minified": true,
								"children": {
									"item": "minecraft:dirt",
									"count": 0
								}
							}
						]
					}
				]
			}
		]
	}
}