{
	"file_path": "C:\\Users\\2007p\\AppData\\Local\\Packages\\Microsoft.MinecraftUWP_8wekyb3d8bbwe\\LocalState\\games\\com.mojang\\development_behavior_packs\\jknjb\\recipes\\Kolben3.json",
	"file_type": "recipe",
	"format_version": 1,
	"file_uuid": "af026999_446b_42f9_9986_9bd92c4c790a",
	"file_version": 1,
	"cache_content": {
		"children": [
			{
				"data": "1.12",
				"key": "format_version"
			},
			{
				"open": {
					"format_version": 1.12,
					"minecraft:recipe_shaped": {
						"description": {
							"identifier": "minecraft:piston"
						},
						"tags": [
							"crafting_table"
						],
						"pattern": [
							"S",
							"P"
						],
						"key": {
							"P": {
								"item": "minecraft:piston"
							},
							"S": {
								"item": "minecraft:slime"
							}
						},
						"result": {
							"item": "minecraft:air"
						}
					}
				},
				"key": "minecraft:recipe_shaped",
				"children": [
					{
						"open": {
							"description": {
								"identifier": "minecraft:piston"
							},
							"tags": [
								"crafting_table"
							],
							"pattern": [
								"S",
								"P"
							],
							"key": {
								"P": {
									"item": "minecraft:piston"
								},
								"S": {
									"item": "minecraft:slime"
								}
							},
							"result": {
								"item": "minecraft:air"
							}
						},
						"key": "description",
						"is_minified": true,
						"children": {
							"identifier": "minecraft:piston"
						}
					},
					{
						"open": {
							"description": {
								"identifier": "minecraft:piston"
							},
							"tags": [
								"crafting_table"
							],
							"pattern": [
								"S",
								"P"
							],
							"key": {
								"P": {
									"item": "minecraft:piston"
								},
								"S": {
									"item": "minecraft:slime"
								}
							},
							"result": {
								"item": "minecraft:air"
							}
						},
						"key": "tags",
						"is_minified": true,
						"children": [
							"crafting_table"
						]
					},
					{
						"open": {
							"description": {
								"identifier": "minecraft:piston"
							},
							"tags": [
								"crafting_table"
							],
							"pattern": [
								"S",
								"P"
							],
							"key": {
								"P": {
									"item": "minecraft:piston"
								},
								"S": {
									"item": "minecraft:slime"
								}
							},
							"result": {
								"item": "minecraft:air"
							}
						},
						"key": "pattern",
						"is_minified": true,
						"children": [
							"S",
							"P"
						]
					},
					{
						"open": {
							"description": {
								"identifier": "minecraft:piston"
							},
							"tags": [
								"crafting_table"
							],
							"pattern": [
								"S",
								"P"
							],
							"key": {
								"P": {
									"item": "minecraft:piston"
								},
								"S": {
									"item": "minecraft:slime"
								}
							},
							"result": {
								"item": "minecraft:air"
							}
						},
						"key": "key",
						"children": [
							{
								"open": {
									"P": {
										"item": "minecraft:piston"
									},
									"S": {
										"item": "minecraft:slime"
									}
								},
								"key": "P",
								"is_minified": true,
								"children": {
									"item": "minecraft:piston"
								}
							},
							{
								"open": {
									"P": {
										"item": "minecraft:piston"
									},
									"S": {
										"item": "minecraft:slime"
									}
								},
								"key": "S",
								"is_minified": true,
								"children": {
									"item": "minecraft:slime"
								}
							}
						]
					},
					{
						"key": "result",
						"is_minified": true,
						"children": {
							"item": "minecraft:air"
						}
					}
				]
			}
		]
	}
}