{
	"file_path": "C:\\Users\\2007p\\AppData\\Local\\Packages\\Microsoft.MinecraftUWP_8wekyb3d8bbwe\\LocalState\\games\\com.mojang\\development_behavior_packs\\jknjb\\recipes\\vergleicher.json",
	"file_type": "recipe",
	"format_version": 1,
	"file_uuid": "3a2ea857_067a_4a27_80fd_32170d1b655c",
	"file_version": 0,
	"cache_content": {
		"children": [
			{
				"data": "1.12",
				"key": "format_version"
			},
			{
				"open": {
					"format_version": 1.12,
					"minecraft:recipe_shaped": {
						"description": {
							"identifier": "minecraft:comparator"
						},
						"tags": [
							"crafting_table"
						],
						"pattern": [
							" # ",
							"#X#",
							"III"
						],
						"key": {
							"#": {
								"item": "minecraft:redstone_torch"
							},
							"X": {
								"item": "minecraft:quartz"
							},
							"I": {
								"item": "minecraft:stone",
								"data": 0
							}
						},
						"result": [
							{
								"item": "minecraft:air",
								"count": 0
							}
						]
					}
				},
				"key": "minecraft:recipe_shaped",
				"children": [
					{
						"key": "description",
						"is_minified": true,
						"children": {
							"identifier": "minecraft:comparator"
						}
					},
					{
						"key": "tags",
						"is_minified": true,
						"children": [
							"crafting_table"
						]
					},
					{
						"key": "pattern",
						"is_minified": true,
						"children": [
							" # ",
							"#X#",
							"III"
						]
					},
					{
						"key": "key",
						"is_minified": true,
						"children": {
							"#": {
								"item": "minecraft:redstone_torch"
							},
							"X": {
								"item": "minecraft:quartz"
							},
							"I": {
								"item": "minecraft:stone",
								"data": 0
							}
						}
					},
					{
						"open": {
							"description": {
								"identifier": "minecraft:comparator"
							},
							"tags": [
								"crafting_table"
							],
							"pattern": [
								" # ",
								"#X#",
								"III"
							],
							"key": {
								"#": {
									"item": "minecraft:redstone_torch"
								},
								"X": {
									"item": "minecraft:quartz"
								},
								"I": {
									"item": "minecraft:stone",
									"data": 0
								}
							},
							"result": [
								{
									"item": "minecraft:air",
									"count": 0
								}
							]
						},
						"key": "result",
						"children": [
							{
								"open": [
									{
										"item": "minecraft:air",
										"count": 0
									}
								],
								"is_minified": true,
								"children": {
									"item": "minecraft:air",
									"count": 0
								}
							}
						]
					}
				]
			}
		]
	}
}