{
	"file_path": "C:\\Users\\2007p\\AppData\\Local\\Packages\\Microsoft.MinecraftUWP_8wekyb3d8bbwe\\LocalState\\games\\com.mojang\\development_behavior_packs\\jknjb\\recipes\\verstärker.json",
	"file_type": "recipe",
	"format_version": 1,
	"file_uuid": "b4aa11cf_34e5_41aa_a02e_45c6d4e39678",
	"file_version": 3,
	"cache_content": {
		"children": [
			{
				"data": "1.12",
				"key": "format_version"
			},
			{
				"open": {
					"format_version": 1.12,
					"minecraft:recipe_shaped": {
						"description": {
							"identifier": "minecraft:repeater"
						},
						"tags": [
							"crafting_table"
						],
						"pattern": [
							"#X#",
							"III"
						],
						"key": {
							"#": {
								"item": "minecraft:redstone_torch"
							},
							"X": {
								"item": "minecraft:redstone"
							},
							"I": {
								"item": "minecraft:stone",
								"data": 0
							}
						},
						"result": [
							{
								"item": "minecraft:air",
								"count": 0
							}
						]
					}
				},
				"key": "minecraft:recipe_shaped",
				"children": [
					{
						"open": {
							"description": {
								"identifier": "minecraft:repeater"
							},
							"tags": [
								"crafting_table"
							],
							"pattern": [
								"#X#",
								"III"
							],
							"key": {
								"#": {
									"item": "minecraft:redstone_torch"
								},
								"X": {
									"item": "minecraft:redstone"
								},
								"I": {
									"item": "minecraft:stone",
									"data": 0
								}
							},
							"result": [
								{
									"item": "minecraft:air",
									"count": 0
								}
							]
						},
						"key": "description",
						"is_minified": true,
						"children": {
							"identifier": "minecraft:repeater"
						}
					},
					{
						"open": {
							"description": {
								"identifier": "minecraft:repeater"
							},
							"tags": [
								"crafting_table"
							],
							"pattern": [
								"#X#",
								"III"
							],
							"key": {
								"#": {
									"item": "minecraft:redstone_torch"
								},
								"X": {
									"item": "minecraft:redstone"
								},
								"I": {
									"item": "minecraft:stone",
									"data": 0
								}
							},
							"result": [
								{
									"item": "minecraft:air",
									"count": 0
								}
							]
						},
						"key": "tags",
						"is_minified": true,
						"children": [
							"crafting_table"
						]
					},
					{
						"open": {
							"description": {
								"identifier": "minecraft:repeater"
							},
							"tags": [
								"crafting_table"
							],
							"pattern": [
								"#X#",
								"III"
							],
							"key": {
								"#": {
									"item": "minecraft:redstone_torch"
								},
								"X": {
									"item": "minecraft:redstone"
								},
								"I": {
									"item": "minecraft:stone",
									"data": 0
								}
							},
							"result": [
								{
									"item": "minecraft:air",
									"count": 0
								}
							]
						},
						"key": "pattern",
						"is_minified": true,
						"children": [
							"#X#",
							"III"
						]
					},
					{
						"open": {
							"description": {
								"identifier": "minecraft:repeater"
							},
							"tags": [
								"crafting_table"
							],
							"pattern": [
								"#X#",
								"III"
							],
							"key": {
								"#": {
									"item": "minecraft:redstone_torch"
								},
								"X": {
									"item": "minecraft:redstone"
								},
								"I": {
									"item": "minecraft:stone",
									"data": 0
								}
							},
							"result": [
								{
									"item": "minecraft:air",
									"count": 0
								}
							]
						},
						"key": "key",
						"children": [
							{
								"open": {
									"#": {
										"item": "minecraft:redstone_torch"
									},
									"X": {
										"item": "minecraft:redstone"
									},
									"I": {
										"item": "minecraft:stone",
										"data": 0
									}
								},
								"key": "#",
								"is_minified": true,
								"children": {
									"item": "minecraft:redstone_torch"
								}
							},
							{
								"open": {
									"#": {
										"item": "minecraft:redstone_torch"
									},
									"X": {
										"item": "minecraft:redstone"
									},
									"I": {
										"item": "minecraft:stone",
										"data": 0
									}
								},
								"key": "X",
								"is_minified": true,
								"children": {
									"item": "minecraft:redstone"
								}
							},
							{
								"open": {
									"#": {
										"item": "minecraft:redstone_torch"
									},
									"X": {
										"item": "minecraft:redstone"
									},
									"I": {
										"item": "minecraft:stone",
										"data": 0
									}
								},
								"key": "I",
								"is_minified": true,
								"children": {
									"item": "minecraft:stone",
									"data": 0
								}
							}
						]
					},
					{
						"open": {
							"description": {
								"identifier": "minecraft:repeater"
							},
							"tags": [
								"crafting_table"
							],
							"pattern": [
								"#X#",
								"III"
							],
							"key": {
								"#": {
									"item": "minecraft:redstone_torch"
								},
								"X": {
									"item": "minecraft:redstone"
								},
								"I": {
									"item": "minecraft:stone",
									"data": 0
								}
							},
							"result": [
								{
									"item": "minecraft:air",
									"count": 0
								}
							]
						},
						"key": "result",
						"children": [
							{
								"open": [
									{
										"item": "minecraft:air",
										"count": 0
									}
								],
								"is_minified": true,
								"children": {
									"item": "minecraft:air",
									"count": 0
								}
							}
						]
					}
				]
			}
		]
	}
}