{
	"format_version": "1.10.0",
	"animation_controllers": {
		"controller.animation.bridge_npc.execute_commands": {
			"states": {
				"default": {
					"transitions": [
						{
							"execute_command_id_3": "query.skin_id == 3"
						},
						{
							"execute_command_id_2": "query.skin_id == 2"
						},
						{
							"execute_command_id_1": "query.skin_id == 1"
						}
					]
				},
				"execute_command_id_1": {
					"transitions": [
						{
							"default": "query.skin_id != 1"
						}
					],
					"on_entry": [
						"/execute @p[r=3,tag=admin] ~~~ replaceitem entity @e[type=npc,r=3] slot.armor.head 0 golden_helmet",
						"/execute @p[r=3,tag=admin] ~~~ tag @e[type=npc,r=3] add listet",
						"@s bridge:remove_command_id_1"
					]
				},
				"execute_command_id_2": {
					"transitions": [
						{
							"default": "query.skin_id != 2"
						}
					],
					"on_entry": [
						"/scoreboard players add @p npc_dead 1",
						"/kill @s[tag=!listet]",
						"@s bridge:remove_command_id_2"
					]
				},
				"execute_command_id_3": {
					"transitions": [
						{
							"default": "query.skin_id != 3"
						}
					],
					"on_entry": [
						"/scoreboard players add @p npc_dead 1",
						"@s bridge:remove_command_id_3"
					]
				}
			}
		}
	}
}