{
	"file_path": "C:\\Users\\2007p\\AppData\\Local\\Packages\\Microsoft.MinecraftUWP_8wekyb3d8bbwe\\LocalState\\games\\com.mojang\\development_behavior_packs\\Dragon_Cb3\\loot_tables\\phantom.json",
	"file_type": "loot_table",
	"format_version": 1,
	"file_uuid": "50683aba_e94b_4302_8e89_c87b012c2753",
	"file_version": 0,
	"cache_content": {
		"children": [
			{
				"open": {
					"pools": [
						{
							"rolls": 1,
							"entries": [
								{
									"type": "item",
									"name": "bridge:phantom_embramen1",
									"weight": 1,
									"functions": [
										{
											"function": "set_count",
											"count": {
												"min": 0,
												"max": 1
											}
										},
										{
											"function": "looting_enchant",
											"count": {
												"min": 0,
												"max": 1
											}
										}
									]
								}
							],
							"conditions": [
								{
									"condition": "killed_by_player"
								}
							]
						}
					]
				},
				"key": "pools",
				"children": [
					{
						"open": [
							{
								"rolls": 1,
								"entries": [
									{
										"type": "item",
										"name": "bridge:phantom_embramen1",
										"weight": 1,
										"functions": [
											{
												"function": "set_count",
												"count": {
													"min": 0,
													"max": 1
												}
											},
											{
												"function": "looting_enchant",
												"count": {
													"min": 0,
													"max": 1
												}
											}
										]
									}
								],
								"conditions": [
									{
										"condition": "killed_by_player"
									}
								]
							}
						],
						"children": [
							{
								"data": "1",
								"key": "rolls"
							},
							{
								"open": {
									"rolls": 1,
									"entries": [
										{
											"type": "item",
											"name": "bridge:phantom_embramen1",
											"weight": 1,
											"functions": [
												{
													"function": "set_count",
													"count": {
														"min": 0,
														"max": 1
													}
												},
												{
													"function": "looting_enchant",
													"count": {
														"min": 0,
														"max": 1
													}
												}
											]
										}
									],
									"conditions": [
										{
											"condition": "killed_by_player"
										}
									]
								},
								"key": "entries",
								"children": [
									{
										"open": [
											{
												"type": "item",
												"name": "bridge:phantom_embramen1",
												"weight": 1,
												"functions": [
													{
														"function": "set_count",
														"count": {
															"min": 0,
															"max": 1
														}
													},
													{
														"function": "looting_enchant",
														"count": {
															"min": 0,
															"max": 1
														}
													}
												]
											}
										],
										"children": [
											{
												"data": "item",
												"key": "type"
											},
											{
												"open": {
													"type": "item",
													"name": "bridge:phantom_embramen1",
													"weight": 1,
													"functions": [
														{
															"function": "set_count",
															"count": {
																"min": 0,
																"max": 1
															}
														},
														{
															"function": "looting_enchant",
															"count": {
																"min": 0,
																"max": 1
															}
														}
													]
												},
												"data": "bridge:phantom_embramen1",
												"key": "name"
											},
											{
												"data": "1",
												"key": "weight"
											},
											{
												"open": {
													"type": "item",
													"name": "bridge:phantom_embramen1",
													"weight": 1,
													"functions": [
														{
															"function": "set_count",
															"count": {
																"min": 0,
																"max": 1
															}
														},
														{
															"function": "looting_enchant",
															"count": {
																"min": 0,
																"max": 1
															}
														}
													]
												},
												"key": "functions",
												"children": [
													{
														"open": [
															{
																"function": "set_count",
																"count": {
																	"min": 0,
																	"max": 1
																}
															},
															{
																"function": "looting_enchant",
																"count": {
																	"min": 0,
																	"max": 1
																}
															}
														],
														"children": [
															{
																"data": "set_count",
																"key": "function"
															},
															{
																"open": {
																	"function": "set_count",
																	"count": {
																		"min": 0,
																		"max": 1
																	}
																},
																"key": "count",
																"is_minified": true,
																"children": {
																	"min": 0,
																	"max": 1
																}
															}
														]
													},
													{
														"open": [
															{
																"function": "set_count",
																"count": {
																	"min": 0,
																	"max": 1
																}
															},
															{
																"function": "looting_enchant",
																"count": {
																	"min": 0,
																	"max": 1
																}
															}
														],
														"children": [
															{
																"data": "looting_enchant",
																"key": "function"
															},
															{
																"open": {
																	"function": "looting_enchant",
																	"count": {
																		"min": 0,
																		"max": 1
																	}
																},
																"key": "count",
																"is_minified": true,
																"children": {
																	"min": 0,
																	"max": 1
																}
															}
														]
													}
												]
											}
										]
									}
								]
							},
							{
								"open": {
									"rolls": 1,
									"entries": [
										{
											"type": "item",
											"name": "bridge:phantom_embramen1",
											"weight": 1,
											"functions": [
												{
													"function": "set_count",
													"count": {
														"min": 0,
														"max": 1
													}
												},
												{
													"function": "looting_enchant",
													"count": {
														"min": 0,
														"max": 1
													}
												}
											]
										}
									],
									"conditions": [
										{
											"condition": "killed_by_player"
										}
									]
								},
								"key": "conditions",
								"children": [
									{
										"open": [
											{
												"condition": "killed_by_player"
											}
										],
										"is_minified": true,
										"children": {
											"condition": "killed_by_player"
										}
									}
								]
							}
						]
					}
				]
			}
		]
	}
}