{
	"file_path": "C:\\Users\\2007p\\AppData\\Local\\Packages\\Microsoft.MinecraftUWP_8wekyb3d8bbwe\\LocalState\\games\\com.mojang\\development_behavior_packs\\Dragon_Cb3\\animation_controllers\\sneaking.json",
	"file_type": "animation_controller",
	"format_version": 1,
	"file_uuid": "9eba2990_d684_434c_a46a_188c004636e8",
	"file_version": 1,
	"cache_content": {
		"children": [
			{
				"data": "1.10.0",
				"key": "format_version"
			},
			{
				"open": {
					"format_version": "1.10.0",
					"animation_controllers": {
						"controller.animation.sneaking": {
							"states": {
								"default": {
									"transitions": [
										{
											"scroll": "query.is_sneaking"
										}
									],
									"on_exit": [
										"/scoreboard players set @s m11 2"
									]
								},
								"scroll": {
									"transitions": [
										{
											"default": "!query.is_sneaking"
										}
									],
									"on_exit": [
										"/scoreboard players set @s m11 0"
									]
								}
							}
						}
					}
				},
				"key": "animation_controllers",
				"children": [
					{
						"open": {
							"controller.animation.sneaking": {
								"states": {
									"default": {
										"transitions": [
											{
												"scroll": "query.is_sneaking"
											}
										],
										"on_exit": [
											"/scoreboard players set @s m11 2"
										]
									},
									"scroll": {
										"transitions": [
											{
												"default": "!query.is_sneaking"
											}
										],
										"on_exit": [
											"/scoreboard players set @s m11 0"
										]
									}
								}
							}
						},
						"key": "controller.animation.sneaking",
						"children": [
							{
								"open": {
									"states": {
										"default": {
											"transitions": [
												{
													"scroll": "query.is_sneaking"
												}
											],
											"on_exit": [
												"/scoreboard players set @s m11 2"
											]
										},
										"scroll": {
											"transitions": [
												{
													"default": "!query.is_sneaking"
												}
											],
											"on_exit": [
												"/scoreboard players set @s m11 0"
											]
										}
									}
								},
								"key": "states",
								"children": [
									{
										"open": {
											"default": {
												"transitions": [
													{
														"scroll": "query.is_sneaking"
													}
												],
												"on_exit": [
													"/scoreboard players set @s m11 2"
												]
											},
											"scroll": {
												"transitions": [
													{
														"default": "!query.is_sneaking"
													}
												],
												"on_exit": [
													"/scoreboard players set @s m11 0"
												]
											}
										},
										"key": "default",
										"children": [
											{
												"key": "transitions",
												"is_minified": true,
												"children": [
													{
														"scroll": "query.is_sneaking"
													}
												]
											},
											{
												"open": {
													"transitions": [
														{
															"scroll": "query.is_sneaking"
														}
													],
													"on_exit": [
														"/scoreboard players set @s m11 2"
													]
												},
												"key": "on_exit",
												"is_minified": true,
												"children": [
													"/scoreboard players set @s m11 2"
												]
											}
										]
									},
									{
										"open": {
											"default": {
												"transitions": [
													{
														"scroll": "query.is_sneaking"
													}
												],
												"on_exit": [
													"/scoreboard players set @s m11 2"
												]
											},
											"scroll": {
												"transitions": [
													{
														"default": "!query.is_sneaking"
													}
												],
												"on_exit": [
													"/scoreboard players set @s m11 0"
												]
											}
										},
										"key": "scroll",
										"children": [
											{
												"key": "transitions",
												"is_minified": true,
												"children": [
													{
														"default": "!query.is_sneaking"
													}
												]
											},
											{
												"open": {
													"transitions": [
														{
															"default": "!query.is_sneaking"
														}
													],
													"on_exit": [
														"/scoreboard players set @s m11 0"
													]
												},
												"key": "on_exit",
												"is_minified": true,
												"children": [
													"/scoreboard players set @s m11 0"
												]
											}
										]
									}
								]
							}
						]
					}
				]
			}
		]
	}
}